Characteristics,Hypocotyl : Pigmentation,Leaf: Colour,Leaf: Hairiness,Leaf: Appearance,Leaf: Gossypol glands,Leaf: Nectaries,Leaf: Petiole pigmentation,Leaf: Shape,Plant: Stem hairiness,Plant: Stem pigmentation,Plant: Height (cm),Plant: Growth habit,Bract: Type,Flower: Time of flowering (50% of plants with at least one open flower),Flower: Petal colour,Flower: Petal spot,Flower: Stigma,Flower: Anther filament colouration,Flower: Pollen colour,Flower: Male sterility (Only for A and B lines),Boll: Bearing habit,Boll: Colour,Boll: Shape (longitudinal section),Boll: Surface,Boll: Prominence of tip,Boll: Opening,Boll: Weight of seed cotton/boll (g),Seed: Fuzz,Seed: Fuzz colour,Seed: Index (100 seed wt in gram),Ginning %,Fibre: Colour,Fibre: Length (2.5 % span length)(mm),Fibre: Strength (g/tex),Fibre: Fineness (Micronaire value),Fibre: Uniformity (%),GROUP
IC357232  ,Present ,Light Green,Sparse,Flat,Present (/Sq. cm leaf),Present ,Present,Palmate,Medium,Absent,70 cm  ,Semi spreading ,frego,49 days ( Early) ,Cream,Absent,Embeded,Absent,cream,absent,solitary,green,ovate,smooth,pointed,open,4.0g ,Dense ,White ,7.0g ,32 ,White ,24.0 ,17.9 ,2.4 ,46 ,MARKER
IC 357267 ,Present ,Light Green,Sparse,Flat,Nil ,Present ,Present,palmate,Sparse,absent,65cm  , Semi spreading,normal,49 days (Early) ,cream,absent,embeded,absent,Yellow,Absent,solitary,green,Ovate,smooth,Blunt,Open,3.2 ,Dense ,White ,7.5g ,32.14 ,  White ,25.1 , 18.4, 2.4, 50,MARKER
IC 357272 ,Present ,Light Green,Medium to dense,Flat,Present (227/Sq. cm leaf), Present,Present,Palmate,Medium,Present,72cm , SS,Normal,42 days (Early) ,Cream,Absent,Embedded,Absent,Yellow,Absent,Solitary,Green,Ovate,Smooth,Blunt,Open,5.2 ,Medium,Grey ,7.0 ,35.17 ,White  ,22.8 , 19.0, 3.1, 50,MARKER
IC 357377 ,Present ,Light Green,Medium,Flat,Present (309/Sq. cm leaf) , present,Absent,palmate,medium,Present,70 cm , SS,normal, 53 Days (Medium),cream,absent,embeded,absent,cream,absent,solitary,green,ovate,smooth,pointed,open,4.5 ,Dense ,Brown,7.0 , 30.43,Brown ,21.5 , 19.5, 3.5, 50,MARKER
IC 357545 ,Present ,Light Green,Sparse,Flat,Present (313/Sq. cm leaf) ,,Present,palmate,medium,absent, 62 cm , Semi spreading,normal,52 Days ( Medium) ,cream,absent,embedded,absent,Yellow,Absent,Solitary,Green,Round,Smooth,bold,Open,3.5 ,Medium , Grey,7.0 ,35.7 ,White  ,23.2 , 19.8, 2.8, 48,MARKER
RHC 1189 , Present,Light Green,Sparse,Flat,Present (252/Sq. cm leaf) ,,Present,Palmate,Medium,Absent,105 cm  , Semi spreading ,Normal,48 Days (Medium) ,Yellow,Absent,Embedded,Absent,Yellow,Absent,Solitary,Green,Ovate,Smooth,Pointed,Open,6.8 ,Medium ,Grey ,8.5 ,39.13 ,White  ,25.9 , 19.0, 2.9, 47,MARKER
RHC 357810 ,Present ,Green,Sparse,Flat,Present (241/Sq. cm leaf) ,Present ,Present,Palmate,Sparse-Medium,Absent,62 cm  ,SS ,Normal,52 Days (Medium) ,Cream,Absent,Exerted,Absent,Cream,Absent,Solitary,Green,Ovate,Smooth,Blunt,Open,5.2 ,Medium , Grey,6.0 ,35.65 ,white,21.0 , 18.3, 2.7, 51,MARKER
IC 357810 ,Present  (Dark),                       Red,Sparse,Flat,Present (288/Sq. cm leaf) ,Present ,Present,Palmate,Sparse,present, 65 cm ,SS ,Normal, 49 Days (Medium),Pink,Absent,exerted,Absent,Cream,Absent,Solitary,red,Ovate,Smooth,Pointed,Open, 3.8,Medium , Grey,7.5 ,32.25 ,white , 24.1, 20.6, 3.0, 51,MARKER
IC 357812 ,Present , Green,Sparse (nil),Flat,Present (191/Sq. cm leaf) ,,                           Absent,Digitate,Sparse,Absent,58 cm  ,SS ,Normal,52 Days (Medium) ,Cream,Absent,Embedded,Absent,Yellow,Absent,Solitary,Green,Round,Smooth,Blunt,Open,4.4 , Medium, Grey,5.5 , 37.9,white ,23.6 ,16.7 , 3.4, 49,MARKER
IC 357814 ,Present ,Light Green,Sparse,Flat,Present (170/Sq. cm leaf) ,Present  ,absent,Palmate,Medium,Absent, 65 cm ,,Normal,46 Days (Early) ,Cream,Absent,Embedded,Absent,Cream,Absent,Solitary,Green,Ovate,Smooth,Pointed,Open,5.0 , Dense, Brown, 6.5, 23.17,Brown ,20.3 , 16.7, 3.4, 48,MARKER
IC 357814 ,Present  ,Green,Sparse,Flat,Present (150/Sq. cm leaf) ,Present ,Present,Palmate,sparse,Absent,60 cm  , SS,Normal,46 Days (Early)  ,Cream,Absent,Embedded,Absent,Cream,Absent,Solitary,Green,Ovate,Smooth,blunt,Open,, Medium, Green,7.5 , 23.95,Green ,22.0 , 16.8, 2.4, 50,MARKER
IC 357814-DB ,  Present ,               Green,medium,Flat,Present (213/Sq. cm leaf) ,Present  ,Present,Palmate,Medium,Absent,71 cm  ,,Normal,52 Days (Medium)  ,Cream,Absent,Embedded,Absent,Cream,Absent,Solitary,Green,Ovate,Smooth,blunt,Open,, Dense, Greenish brown,7.5 , 19.42,Brown ,23.1 , 14.3, 2.1, 46,MARKER
IC 357944 ,Present  ,               Green,Sparse,Flat,Present (303/Sq. cm leaf) ,Present  ,Present,Palmate,sparse,Absent,  51 cm,,Normal,44 Days (Early)  ,yellow,Absent,Embedded,Absent,Cream,Absent,Solitary,Green,Ovate,Smooth,Pointed,Open, 5.0, Medium, Grey, 6.5, 39.44,white , 21.9, 17.4, 3.0, 50,MARKER
IC 358183 ,Present  ,Green,Sparse,Flat,Present (192/Sq. cm leaf) ,Present  ,Present,palmate,sparse,present, 55 cm ,,normal,41 Days (Early)  ,cream,absent,embeded,absent,cream,absent,solitary,green,ovate,smooth,Blunt,open,5.1 , Dense, White, 8.5, 33.58,white ,22.2 , 18.5,3.1 , 49,MARKER
IC 358717 (,Present  ,               Green,Sparse,Flat,Present (178/Sq. cm leaf) ,Present  ,Present,Palmate,sparse,present,65 cm  , SS,Normal,34 Days (Early)  ,cream,Absent,Embedded,Absent,yellow,Absent,Solitary,Green,Ovate,Smooth,Pointed,Open,, Sparse, Grey,5.5 , 40,white ,Sufficient fiber could not be obtained for analysis ,,,,MARKER
IC 358744 ,Present  ,               Green,Sparse,Flat,Present (229/Sq. cm leaf) ,Present  ,Present,Palmate,medium,absent,55 cm , SS,Normal,41 Days (Early)  ,cream,Absent,exerted,Absent,cream,Absent,Solitary,Green,Ovate,Smooth,Pointed,Open,4.9 , Sparse, Grey, 8.5, 35.3,white ,29.0 , 20.4, 3.0, 47,MARKER
IC 358749 ,Present  ,               Green,Sparse,Flat,Present (185/Sq. cm leaf) ,Present  ,Present,degitate,sparse,absent,54 cm , SS,Normal,53 Days (Medium)  ,cream,Absent,Embedded,Absent,cream,Absent,Solitary,Green,rounded,Smooth,Blunt,Open,, Medium, Green,7.0 , 23.68, Green,23.2 , 19.2, 3.0, 49,MARKER
IC 358982 ,  Present ,              light Green,Sparse,Flat,Present (328/Sq. cm leaf) ,Present  ,Present,Palmate,medium,absent,70 cm  , SS,Normal,54 Days (Medium)   ,yellow,Absent,Embedded,Absent,cream,Absent,Solitary,Green,Ovate,Smooth,blunt,Open,4.5 , Medium, Grey, 6.0, 42.2,white , 23.5, 19.1, 3.5, 49,MARKER
IC 358984 ,Present  ,               Green,Sparse-medium,Flat,Present (232/Sq. cm leaf) ,present ,Present,Palmate,medium,Absent,56 cm  , SS,Normal,50 Days (Medium)   ,yellow,Absent,Embedded,Absent,cream,Absent,Solitary,Green,Ovate,Smooth,Pointed,Open,5.3 , Medium, Grey, 7.0, 40.24,white ,25.8 , 19.4, 3.2, 46,MARKER
IC 358988 ,Present  ,               Green,Medium,Flat,Present (229/Sq. cm leaf) ,present ,Present,degitate,medium,present, 40 cm , SS,Normal,50 Days (Medium)   ,yellow,Absent,Embedded,Absent,cream,Absent,Solitary,Green,Ovate,Smooth,Pointed,Open,8.8 , Dense, White,9.0 ,30.32 ,white ,26.6 , 17.6, 3.7, 47,MARKER
IC 358990 ,Present  (red),Dark red,Sparse,Flat,Present (114/Sq. cm leaf) ,present ,Present,Palmate,sparse,present,52 cm , SS,Normal,50 Days (Medium)   ,Cream with red shade,Absent,Embedded,Absent,cream,Absent,Solitary,red,Ovate,Smooth,Blunt,Open,5.5 , Medium, Grey, 7.0, 34.7,white , 25.7, 19.4, 3.2, 46,MARKER
IC 358991 ,Present  ,               Green,dense,Flat,Present (207/Sq. cm leaf) ,Present ,Present,Palmate,dense,absent,70 cm  , SS,Normal,49 Days (Early)   ,cream,Absent,Embedded,Absent,yellow,Absent,Solitary,Green,Ovate,Smooth,Pointed,Open,5.5 , Sparse, Grey,9.5 , 35.6,white ,24.9 ,20.7, 4.4, 50,MARKER
IC 358995 ,Present  ,               Green,Sparse,Flat,Present (229/Sq. cm leaf) ,Present  ,Present,Palmate,sparse,present,55 cm  , SS,Normal,53 Days (Medium)   ,cream,Absent,Embedded,Absent,cream,Absent,Solitary,Green,rounded,Smooth,blunt,Open,3.4 , Medium, White, 7.0, 35.16,Green ,No sufficient lint sample obtained for analysis ,,,,MARKER
IC 358997 (,Present  ,               Green,Sparse,Flat,Present (215/Sq. cm leaf) ,Present ,Present,Palmate,sparse,present,44 cm  , SS,Normal,53 Days (Medium)   ,pink,Absent,Embedded,Absent,cream,Absent,Solitary,red,Ovate,Smooth,Pointed,Open,1.2 , Medium, Grey,4.3 , 25,white  ,23.1 , 17.6, 3.4, 51,MARKER
IC 358999 ,Present  ,              Light Green,medium,Flat,Present (11/Sq. cm leaf) ,Present ,Present,degitate,sparse,absent,53 cm   , SS,Normal,49 Days (Early)   ,cream,Absent,Embedded,Absent,yellow,Absent,Solitary,Green,Ovate,Smooth,Pointed,Open,3.5 , Dense, Grey, 6.5, 34.61,white  ,23.9 , 19.0, 3.4, 49,MARKER
PIL-8 ,Present  ,              Light Green,Sparse,Flat,Present (174/Sq. cm leaf) ,,Present,Palmate,sparse,present,51 cm  , SS,Normal,52 Days (Medium)   ,cream,Absent,Embedded,Absent,yellow,Absent,Solitary,Green,Ovate,Smooth,Blunt,Open,No proper boll set- , -, -, -, -,  white ,,,,,MARKER
BN RED,Present  (Red),               Green red,medium,Flat,Present (145/Sq. cm leaf) ,Present ,Present,Palmate,medium,present,71 cm , SS,Normal,53 Days (Medium)   ,biocolor,Absent,Embedded,Absent,bicolour,Absent,Solitary,red,Ovate,Smooth,blunt,Open,2.3 ,sparse ,grey ,6.0 ,31.91 ,white  ,23.3 , 17.5, 2.7, 47,MARKER
EC 176663 ,Present  ,               Light Green,Medium,Flat,Present (184/Sq. cm leaf) ,Present ,Present,Palmate,Medium,absent,59 cm , SS,Normal,50 Days (Medium)   ,Yellow,Absent,Embedded,Absent,cream,Absent,Solitary,Green,Ovate,Smooth,Blunt,Open,1.9 ,Dense  ,Green  ,6.0 ,34.21 ,Green ,20.9, 19.8, 2.8, 52,MARKER
BN- FERGO ,Present  ,              Green,Medium,Flat,Present (150/Sq. cm leaf) ,Present ,Present,Palmate,Medium,absent,60 cm  , SS,Normal,39 Days (Early)   ,Yellow,Absent,Embedded,Absent,yellow,Absent,Solitary,Green,Ovate,Smooth,Blunt,Open,3.2 ,Medium  ,grey ,9.0 ,34.06 ,   White,26.5 , 17.1, 3.2, 44,MARKER
BN RED-NAKED ,Present  (Red),               Green+red,Medium,Flat,Present (187/Sq. cm leaf) ,Present ,Present,Palmate,Medium,present, 65 cm , SS,Normal,52 Days (Medium)   ,bicolour,Absent,Embedded,Absent,bicolour,Absent,Solitary,red,Ovate,Smooth,pointed,Open,2.3 ,Sparse  ,Grey  ,7.0 , 30.76, White ,21 .5, 19.3, 2.7, 52,MARKER
Ame. Nectareless ,Present  ,               Light Green,sparse,Flat,Present (140/Sq. cm leaf) ,Absent,absent,Palmate,Medium,absent,, SS,Normal,53 Days (Medium)   ,Yellow,Absent,Embedded,Absent,yellow,Absent,Solitary,Green,Round,Smooth,Blunt,Open, 2.6, Medium ,Grey  ,7.0 , 33.33,Lint sample not sufficient for analysis ,,,,,MARKER
IC 358794 ,Present  ,               Light Green,sparse,Flat,Present (134/Sq. cm leaf) ,Present ,absent,Palmate,Medium,absent, 65 cm  , SS,Normal,55 Days (Medium)   ,cream,Absent,Embedded,Absent,cream,Absent,Solitary,Green,Ovate,Smooth,Blunt,Open,1.8 ,  Medium , Grey,6.0 , 43.47, White ,23.2 , 18.5, 2.6, 47,MARKER
IC 356725  ,Present  ,               Light Green,Medium-dense,Flat,Present (135/Sq. cm leaf) ,Present ,Present-faint,Palmate,Medium-dense,absent,65 cm  , SS,Normal,56 Days (Medium)   ,Yellow,Absent,Embedded,Absent,cream,Absent,Solitary,Green,Ovate,Smooth,Blunt,Open,2.2 , Medium , Grey ,8.0 , 35.85, White ,25.1 , 20.9, 3.5, 50,BBR
IC 356785  ,Present (Faint Red) ,               Light Green,Medium-dense,Flat,Present (124/Sq. cm leaf) ,Present ,Present-faint,Palmate,dense,absent,62 cm  , SS,Normal,57 Days (Medium)   ,Yellow,Absent,Embedded,Absent,yellow,Absent,Solitary,Green,round,Smooth,Blunt,Open,2.3 , Dense , White ,8.0 , 36.31, White , 22.8, 18.6, 2.8, 52,BBR
IC 356825 ,Present  ,Green,sparse,Flat,Present (120/Sq. cm leaf) ,Present ,Present-faint,Palmate,Medium,absent,, SS,Normal,52 Days (Medium)   ,cream,Absent,Embedded,Absent,yellow,Absent,Solitary,Green,Ovate,Smooth,Blunt,Open,2.1 , Dense ,White  ,7.0 , 34.88, White ,No sufficient lint sample obtained ,,,,BBR
IC 356975 ,Present  ,               Light Green,sparse,Flat,Present (189/Sq. cm leaf) ,Present ,Present,Palmate,sparse,absent,72 cm  , SS,Normal,52 Days (Medium)   ,cream,Absent,Embedded,Absent,cream,Absent,Solitary,Green,Ovate,Smooth,Blunt,Open,3.3 , Medium , White ,7.0 ,32.65 , White ,25.6 ,17.7 , 2.3, 46,BBR
IC 357008 ,Present  ,               Light Green,sparse,Flat,Present (179/Sq. cm leaf) ,Present ,Present,Palmate,sparse,absent,85 cm  , SS,Normal,52 Days (Medium)   ,Yellow,Absent,Embedded,Absent,yellow,Absent,Solitary,Green,Ovate,Smooth,Blunt,Open,2.2 , Medium ,Grey  ,6.5 , 37.14, White ,25.0 , 21.2, 2.7, 45,BBR
IC 357296 ,Present  ,               Light Green,Medium,Flat,Present (142/Sq. cm leaf) ,Present ,Present,Palmate,sparse,absent,, SS,Normal,48 Days (Early)   ,Yellow,Absent,Embedded,Absent,cream,Absent,Solitary,Green,Ovate,Smooth,Blunt,Open,2.8 , Dense ,White  ,7.5 , 33.33, White ,25.2 , 20.4, 2.4, 47,BBR
IC 357461 ,Present  (Dark),Green-red,sparse,cup,Present (144/Sq. cm leaf) ,Present ,Present,Palmate,sparse,present,78 cm  , SS,Normal,53 Days (Medium)   ,bicolour,Absent,Embedded,Absent,cream,Absent,Solitary,Green+red,Ovate,Smooth,pointed,Open,3.6 , Medium , Grey ,8.5 , 32.48,   White,28.7 , 19.3, 2.3, 43.0,BBR
IC 357554 ,Present  ,               Light Green,sparse,Flat,Present (129/Sq. cm leaf) ,Present ,absent,Palmate,sparse,absent,75 cm  , SS,Normal,52 Days (Medium)   ,Yellow,Absent,Embedded+exerted,Absent,cream,Absent,Solitary,Green,Ovate,Smooth,pointed,Open,2.3 , Medium , Grey ,8.0 , 38.18,   White,25.2 , 21.3, 2.8, 49,BBR
IC 357555 ,Present  ,               Light Green,sparse,Flat,Present (226/Sq. cm leaf) ,Present ,absent,Palmate,Medium,absent, 80 cm , SS,Normal,52 Days (Medium)   ,cream,Absent,Embedded,Absent,yellow,Absent,Solitary,Green,Ovate,Smooth,pointed,Open,1.9 , Dense , White ,7.0 , 32.77,   White, 24.5, 19.0, 2.6, 44,BBR
 (Offtypes)–IC 357571 ,Present  ,               Light Green,Dense+sparse,Flat+cup,Present (160/Sq. cm leaf) ,Present ,absent,Palmate,Dense+sparse,absent,51 cm  , SS,Normal,39 Days (Early)   ,Yellow,Absent,Embedded+exerted,Absent,cream,Absent,Solitary,Green,Ovate,Smooth,Blunt,Open,2.9 , Medium , Grey ,9.0 , 37.58,   White,27.4 , 19.8, 3.6, 48,BBR
IC 358215 ,Present  ,               Green,Sparse-Medium,Flat,Present (183/Sq. cm leaf) ,Present-faint,Present,Palmate,Medium,absent,90 cm  , SS,Normal,56 Days (Medium)   ,Yellow,Absent,Exerted,Absent,yellow,Absent,Solitary,Green,Ovate,Smooth,Blunt,Open,3.1 , Medium , Grey ,7.0 , 44.26, White ,23.9 , 49, 2.9, 18.7,BBR
IC 358218 ,Present  ,               Light Green,sparse,Flat,Present (206/Sq. cm leaf) ,Present ,Present-faint,Palmate,sparse,absent,75 cm  , SS,Normal,56 Days (Medium)   ,cream,Absent,Embedded,Absent,yellow,Absent,Solitary,Green(Big boll size),round,Smooth,pointed,Open,2.8 , Medium , Grey , 7.5, 32.76, White ,25.2 ,25.2 , 2.7,48 ,BBR
IC 358382 ,Present  ,               Light Green,sparse,Flat,Present (191/Sq. cm leaf) ,Present ,absent,Palmate,Medium,absent,80 cm , SS,Normal,57 Days (Medium)   ,Cream ,Absent,Embedded,Absent,yellow,Absent,Solitary,Green,Ovate,Smooth,Blunt,Open,3.6 , Medium , Grey ,8.0 , 40.77, White , 24.4, 21.2, 2.9, 50,BBR
IC 358449 ,Present  (faint Red),               Light Green,dense,cup,Present (129/Sq. cm leaf) ,Present ,Present,Palmate,dense,absent,52 cm  , SS,Normal,57 Days (Medium)    ,cream,Absent,Exerted,Absent,cream,Absent,Solitary,Green,Ovate,Smooth,pointed,Open,2.5 ,Mediun  , Grey , 7.5, 34.28, White ,24.5 , 20.4, 2.3, 51,BBR
IC 358653 ,Present  ,               Light Green,sparse,Flat,Present (192/Sq. cm leaf) ,Present ,Present-faint,Palmate,Medium,absent,82 cm  , SS,Normal,57 Days (Medium)    ,Yellow,Absent,Embedded,Absent,cream,Absent,Solitary,Green,Ovate,Smooth,Blunt,Open,2.9 , Medium , Grey  ,6.0 , 37.5, White ,22.6 , 15.5, 3.5, 51,BBR
IC 358789 ,Present  ,               Light Green,sparse,Flat,Present (154/Sq. cm leaf) ,Present,Present,Palmate,Medium,absent,80 cm  , SS,Normal,34 Days (Early)    ,Yellow,Absent,Embedded,Absent,yellow,Absent,Solitary,Green,Ovate,Smooth,pointed,Open,2.9 , Sparse , Grey ,6.5 , 36.77, White ,24.0 , 18.7, 3.5, 50,BBR
IC 359059 ,Present  ,              Green,sparse,Flat,Present (130/Sq. cm leaf) ,Present ,Present-faint,Palmate,Medium,absent,90 cm  , SS,Normal,45 Days (Early)    ,Yellow,Absent,Embedded,Absent,cream,Absent,Solitary,Green,round,Smooth,Blunt,Open,3.0 , Medium , Grey , 8.0, 37.13, White ,23.2 , 17.2, 3.1, 49,BBR
–KH-113,Present  ,               Green,sparse,Flat,Present (/178Sq. cm leaf)  ,Present ,Present-faint,Palmate,Medium,absent,72 cm  , SS,Normal,52 Days (Medium)    ,yellow,Absent,Embedded,Absent,yellow,Absent,Solitary,Green,round,Smooth,Blunt,Open,2.5 , Dense , Grey ,7.5 , 42.59, White ,25.2 , 17.4, 2.8, 50,BBR
offtypes)  IC 356901                                                            ,Present  ,Green,sparse,Flat,Present (299/Sq. cm. leaf)   ,Present ,Present,Palmate,medium,absent,80 cm , SS,Normal,50 days (medium)   ,Yellow&Cream,Absent,Embeded,Absent,cream,Absent,Solitary,Green,Ovate,Smooth,Pointed/blunt,Open,2.7 , Medium, Grey,6.5 , 31.1, White ,21.4 , 17.8, 3.5, 51,VARIETY
IC 357038 ,Present  ,              Green,sparse,Flat,Present (233/Sq. cm. leaf)   ,Present ,Present,Palmate,sparse,absent, 68 cm, SS,Normal,50 days (medium)  ,cream,Absent,Exerted,Absent,cream,Absent,Solitary,Green,round,Smooth,Blunt/pointed(offtype),Open,, Medium, White,7.0 , 37.8,White ,24.9 , 20.7, 3.2, 51,VARIETY
357981,Present  ,               Light Green,sparse,Flat,Present (252/Sq. cm. leaf)   ,Present ,absent,Palmate,medium,absent,68 cm , SS,Normal,52 days (medium) ,Yellow,Absent,Exerted,Absent,yellow,Absent,Solitary,Green,round,Smooth,blunt,Open,, Dense, Grey,8.0 , 35.7, White, 23.5, 18.6, 3.0, 50,VARIETY
358002,Present  ,               Light Green,sparse,Flat,Present (175/Sq. cm. leaf)   ,Present ,Present,Palmate,sparse,absent,62 cm , SS,Normal,48 Days (Early)     ,Yellow,Absent,embeded,Absent,Yellow/cream,Absent,Solitary,Green,Ovate,Smooth,Blunt/pointed,Open,, Medium, Grey,7.5 , 40.3,White ,23.3 , 20.3, 3.3, 51,VARIETY
358755,Present  ,Light Green,Sparse,Flat,Present (237/Sq. cm. leaf)   ,,Present,palmate,medium,Present,70 cm ,,Normal, 49 days,Yellow,absent,Exerted,Absent,Yellow,absent,solitary,green,round,smooth,blunt,open,2.4 , Medium, White,6.0 , 37.8, white, 24.5, 20.5, 3.2, 48,VARIETY
358773(,Present  ,Green,Sparse,Flat,Present (194/Sq. cm. leaf)   ,,Present,palmate,sparse,absent,60 cm ,,normal,56 days ,cream,absent,exerted,absent,yellow,absent,solitary,green,round,smooth,blunt,open, 2.6, Sparse, Grey,6.0 , 39.9,white ,22.8 , 20.2, 3.5, 51,VARIETY
358781(,Present  ,Light Green,Sparse,Flat,Present (202/Sq. cm. leaf)   ,,Absent,palmate,Medium,Absent,68 cm ,,Normal,44 days ,Cream,Absent,embeded,Absent,Cream,Absent,Solitary,Green,round,Smooth,Blunt,open, 2.6, Medium, White,8.0 , 34.6,Cream  ,23.3 , 17.2, 3.6, 48,VARIETY
358789,Present  ,Light Green,Sparse,Flat,Present (182/Sq. cm. leaf)   ,Present  ,Present,palmate,medium,absent,55 cm ,,normal,52 days ,Yellow,Absent,embeded,Absent,Yellow,Absent,Solitary,Green,Ovate,Smooth,Blunt,open,2.9 , Medium, White,8.0 , 34.6,white ,24.5 , 20.4, 4.0, 51,VARIETY
358790,Present  ,Green,Sparse,cup,Present (158/Sq. cm. leaf)   ,,Present,Palmate,Medium,Absent,68 cm ,,Normal,50 days ,Yellow,Absent,Embedded,Absent,Cream,Absent,Solitary,Green,Ovate,Smooth,Blunt,open,3.7 , Medium, White,8.0 , 41.9,white , 23.3, 19.7, 3.7, 51,VARIETY
358856,Present  ,Light Green,Sparse,Flat,Present (88/Sq. cm. leaf)   ,,Present,Palmate,Sparse,Absent,30 cm ,,normal,45 days ,Cream,Absent,Embedded,absent,Cream,Absent,Solitary,Green,Ovate,Smooth,pointed,Open, 2.6, Medium, Grey,7.5 , 34.9,white, 23.5, 19.2, 3.0, 51,VARIETY
358905,Present  ,Green,Sparse,Flat,Present (241/Sq. cm. leaf)   ,,Present-faint,palmate,Sparse,Absent,28 cm ,,normal,53 days ,Cream,Absent,embedded,Absent,Cream,Absent,Solitary,Green,Ovate,Smooth,Pointed,Open,2.8 , Sparse, Grey,6.0 , 36.5,Cream ,23.6 , 19.5, 3.5, 51,VARIETY
359021,Present  ,Light Green,Sparse,Flat,Present (218/Sq. cm. leaf)   ,,Present,Palmate,Medium,Absent, 60 cm,,Normal, 50 days,Cream,Absent,Embedded,Absent,Cream,Absent,Solitary,Green,Round,Smooth,Blunt,Open,2.6 , Medium, White,6.0 , 36.3,  white, 22.8, 18.5, 3.2, 52,VARIETY
359022,Present  ,Light Green,Sparse,Flat,Present (204/Sq. cm. leaf)   ,,Present,palmate,Medium,Absent,85 cm ,,Normal, 50 days,Cream,Absent,Embedded,Absent,Cream,Absent,Solitary,Green,elliptic,Pitted,Pointed,Open,2.8 , Medium, White,9.5 , 34.4,white ,23.5 , 19.5, 4.0, 53,VARIETY
359023,Present  ,Light Green,Sparse,Flat,Present (117/Sq. cm. leaf)   ,,Present,Palmate,Medium,Absent,56 cm ,,Normal,52 days ,Cream,Absent,Exerted,Absent,Cream,Absent,Solitary,Green,Ovate,Smooth,Pointed,Open,, Medium, Grey,7.5 , 35.8,white ,23.5 , 19.9, 3.6, 51,VARIETY
359026,Present  ,Light Green,Sparse,Flat,Present (259/Sq. cm. leaf)   ,,Present,palmate,medium,absent,60 cm ,,normal,48 days ,cream,absent,embeded,absent,cream,absent,solitary,green,ovate,smooth,blunt,open,,Sparse , Grey,7.0 , 31`.8,white ,21.7 , 19.2, 3.3, 51,VARIETY
359027,Present  ,Light Green,Sparse,Flat,Present (151/Sq. cm. leaf)   ,,Present-faint,Palmate,Medium,Absent,46 cm ,,Normal,50 days ,Cream,Absent,Embedded,Absent,Cream,Absent,Solitary,Green,Ovate,Smooth,Blunt,Open,, Medium, Grey,6.0 , 32.8,white ,22.2 , 17.9, 3.0, 50,VARIETY
359028(,Present  ,Light Green,Sparse,Flat,Present (359/Sq. cm. leaf)   ,,Absent,Palmate-big leaf,Sparse,Absent,64 cm ,,Normal,50 days ,Cream,Absent,Exerted,Absent,Cream,Absent,Solitary,Green,Ovate,Smooth,Blunt,Open,,Medium , Grey,8.5 , 35.5,  white, 24.1, 17.8, 3.6, 51,VARIETY
359029(,Present  ,Light Green,Sparse,Flat,Present (351/Sq. cm. leaf)   ,,Present,palmate,medium,absent,68 cm ,,normal, 53 days,cream,absent,embedded,absent,cream,absent,solitary,green,ovate,smooth,Blunt,open,, Medium, Grey,7.5 , 34.5,  white, 29.3, 19.7, 2.8, 47,VARIETY
359031,Present  ,Light Green,Sparse,Flat,Present (224/Sq. cm. leaf)   ,,Present,palmate,Medium,Absent,75 cm ,,Normal,51 days ,Yellow,Absent,Embedded,Absent,Cream,Absent,Solitary,Green,Ovate,Smooth,Blunt,Open,, Medium, White,6.5 , 36.4,white , 23.5, 18.8, 3.4, 50,VARIETY
359032(,Present  ,Light Green,Medium,Flat,Present (145/Sq. cm. leaf)   ,,Present,Palmate,Medium,Absent, 70 cm,,Normal,43 days ,Cream,Absent,Embedded,Absent,Cream,Absent,Solitary,Green,Ovate,Smooth,Blunt,Open,3.8 , Dense, White,8.5 , 34.5,white , 24.9, 21.7, 4.3, 51,VARIETY
359034,Present  ,Green,Sparse,Flat,Present (213/Sq. cm. leaf)   ,,Present,palmate,medium,absent, 58 cm,,normal, 45 days,yellow,absent,Embedded,Absent,Cream,Absent,Solitary,Green,Ovate,Smooth,Pointed,Open,3.3 , Medium, Grey,6.5 , 40.3,white , 26.0, 18.2, 3.5, 49,VARIETY
359035,Present  ,Light Green,Sparse,Flat,Present (122/Sq. cm. leaf)   ,,Present,palmate,Medium,Absent,55 cm ,,Normal,48 days ,Yellow,Absent,embeded,Absent,Cream,Absent,Solitary,Green,Ovate,Smooth,Blunt,Open,3.1 , Medium, White,7.5 , 34.2,white ,26.1 , 20.4, 3.2, 46,VARIETY
-359036,Present  ,Light Green,medium,Flat,Present (217/Sq. cm. leaf)   ,,Present,palmate,medium,absent, 52 cm,,normal,56 days ,Yellow,Absent,Exerted,Absent,cream,absent,solitary,green,ovate,smooth,pointed,open,2.7 , Medium, grey,7.5 , 36.4,white ,25.5 , 20.4, 3.2, 47,VARIETY
-359037,Present  ,Light Green,Sparse,Flat,Present (126/Sq. cm. leaf)   ,,Present,Palmate,Sparse,Absent, 50 cm,,normal,56 days ,Yellow,Absent,exerted,absent,Cream,absent,solitary,Green,Ovate,smooth,pointed,Open,2.8 , Medium, White,6.5 , 33.4,Cream ,25.5 , 21.4, 3.2, 49,VARIETY
359038(,Present  ,Green,Medium,Flat,Present (247/Sq. cm. leaf)   ,,Present,Palmate,Medium,Absent,,,Normal,41 days ,Cream,Absent,Embedded,Absent,Cream,Absent,Solitary,Green,Ovate,Smooth,Blunt,Open,3.5 , Medium, grey,8.5 , 38.1, Cream, 23.6, 18.8, 4.3, 54,VARIETY
359039,Present  ,Light Green,Sparse,Flat,Present (93/Sq. cm. leaf)   ,,Present,Palmate,Medium,Absent,70 cm ,,Normal,56 days ,Cream,Absent,Exerted,Absent,Cream,Absent,Solitary,Green,Ovate,Smooth,Pointed/Blunt(offtype),Open,2.7 , Medium, White,9.0 , 37.6,  white,22.9 , 19.2, 3.2, 51,VARIETY
359040(,Present  ,Light Green,Sparse,Cup,Present (161/Sq. cm. leaf)   ,,Present,Palmate-Big Leaf,Medium,Absent,58 cm ,,Normal,52 days ,Yellow,Absent,Embedded,Absent,Cream,Absent,Solitary,Green,Ovate,Smooth,Blunt,Open,3.3 , Sparse, grey,7.0 , 34.5,white ,25.0 , 18.6, 3.2, 50,VARIETY
359042,Present  ,Light Green,Sparse,Flat,Present (214/Sq. cm. leaf)   ,,Present,palmate,sparse,absent,65 cm ,,normal,41 days ,Cream,Absent,embeded,Absent,Yellow,Absent,Solitary,Green,Ovate,Smooth,Blunt,Open,,Dense,Grey,8.5,35.5,white,24.1 , 18.5, 3.5, 52,VARIETY
-359043,Present  ,Light Green,Sparse,Flat,Present (169/Sq. cm. leaf)   ,,Present,palmate,Sparse,Absent,62 cm ,,Normal,56 days ,Cream,Absent,embedded,Absent,Cream,Absent,Solitary,Green,Elliptic,Smooth,Blunt,Open,, Dense, Brown,10.0 , 30.9,Brown,26.9 , 21.3, 3.1, 51,VARIETY
359044(,Present  ,Light Green,Sparse,Flat,Present (178/Sq. cm. leaf)   ,,Present,Palmate,Medium,Absent,56 cm ,,Normal,,Cream,Absent,Embedded,Absent,Yellow,Absent,Solitary,Green,Ovate,Smooth,Pointed,Open,,Dense , White,9.5 , 31.7,Cream ,31.7 , 21.4, 2.6, 45,VARIETY
359045(,Present  ,Light Green,Sparse,Flat,Present (180/Sq. cm. leaf)   ,,Present-faint,Palmate,Sparse,Present,65 cm ,,Normal,,Yellow,Absent,embedded,Absent,Yellow,Absent,Solitary,Green,Ovate,smooth,pointed,open,, Dense, grey,8.0 , 31.4,white ,33.2 , 20.1, 2.7, 43,VARIETY
IC 359046 ,Present  ,Light Green,Sparse,Flat,Present (273/Sq. cm. leaf)   ,,Present,Palmate,Sparse,Absent,64 cm ,,Normal,43 days ,Cream,Absent,embeded,Absent,Cream,Absent,Solitary,Green,Ovate,Smooth,Blunt,Open,1.4 , Medium, White,5.5 , 36.5,  White, 23.1, 20.0, 3.1, 51,VARIETY
IC 359047 ,Present  ,Light Green,Sparse,Flat,Present (213/Sq. cm. leaf)   ,,Present,palmate,Sparse,Absent,64 cm ,,Normal,50 days ,Yellow,Absent,embeded,Absent,Yellow,Absent,Solitary,Green,Ovate,Smooth,Blunt,Open,2.5 , Medium, Grey,7.5 , 37.2,  White, 27.5, 20.6, 2.8, 45,VARIETY
IC 359048 ,Present  ,Light Green,Sparse,Flat,Present (227/Sq. cm. leaf)   ,,Present,Palmate,Sparse-Medium,Absent,58 cm ,,Normal,37 days ,Cream,Absent,embeded,Absent,Yellow,Absent,Solitary,Green,Ovate,Smooth,Blunt,Open,2.8 , Medium, Grey,6.5 , 35,  White, 25.4, 21.9, 3.3, 49,VARIETY
IC 359051 ,Present  ,Light Green,Sparse,Flat,Present (283/Sq. cm. leaf)   ,,Present,palmate,Sparse,Absent,58 cm ,,Normal, 34 days,Yellow,Absent,Embedded,Absent,Yellow,Absent,Solitary,Green,Ovate,Smooth,Pointed,Open,2.2 , Medium, Grey,6.5 , 37.8,  White, 22.6, 19.2, 3.1, 49,VARIETY
IC 359054 ,Present  ,Light Green,Sparse,Flat,Present (231/Sq. cm. leaf)   ,,Present,Palmate,Sparse,Absent,65 cm ,,Normal, 35 days,Cream,Absent,Embedded,Absent,Cream,Absent,Solitary,Green,Ovate,Smooth,Pointed,Open,2.6 , Medium, Grey,7.0 , 33.1,  White,23.7 , 21.0, 3.8, 52,VARIETY
IC 359055 ,Present  ,Light Green,Sparse,Flat,Present (222/Sq. cm. leaf)   ,,Present,Palmate,Sparse,Present,64 cm ,,Normal,56 days ,Cream,Absent,Embedded,Absent,Yellow,Absent,Solitary,Green,Round,Smooth,Pointed,Open,2.7 , Dense, White,9.0 , 31.6,  White,28.3 , 20.5, 2.7, 45,VARIETY
IC 359056 ,Present  ,Light Green,Medium,Cup,Present (132/Sq. cm. leaf)   ,,Absent,Palmate,Medium,Absent,58 cm ,,Normal,57 days ,Yellow,Absent,Exerted,Absent,Cream,Absent,Solitary,Green,Ovate,Smooth,Pointed,Open,3.2 , Dense, White,9.0 , 34.7,  White, 27.2, 22.8, 3.6, 48,VARIETY
– IC 359056 S.SYM,Present  ,Light Green,Sparse,Flat,Present (143/Sq. cm. leaf)   ,,Present,Palmate,Sparse,Absent,55 cm ,,Normal,39 days ,Yellow,Absent,Embedded,Absent,Cream,Absent,Solitary,Green,Round,Smooth,Pointed,Open,3.1 , Medium, Grey,8.0 , 37.1,  White, 24.9, 21.2, 3.2, 51,VARIETY
IC 359059 ,Present  ,Light Green,Sparse,Flat,Present (301/Sq. cm. leaf)   ,,Present,Palmate,Sparse,Absent,64 cm ,,Normal,48 days ,Cream,Absent,Embedded,Absent,Cream,Absent,Solitary,Green,Round,Smooth,Blunt,Open,3.8 , Dense, White,7.5 , 26.6,  White,24.5 , 21.5, 3.1, 48,VARIETY
IC 359060 ,Present  ,Light Green,Sparse,Flat,Present (196/Sq. cm. leaf)   ,,Present,Palmate,Sparse,Absent,74 cm ,,Normal,48 days ,Yellow,Absent,Embedded,Absent,Yellow,Absent,Solitary,Green,Ovate,Smooth,Pointed,Open,3.1 , Medium, Grey,7.0 , 35.9,  White,22.1 , 20.7, 3.5, 50,VARIETY
IC 359061 ,Present  ,Light Green,Sparse,Flat,Present (227/Sq. cm. leaf)   ,,Present,Palmate,Sparse,Absent,60 cm ,,Normal,56 days ,Cream,Absent,Embedded,Absent,Cream,Absent,Solitary,Green,Ovate/round(offtype),Smooth,Blunt,Open,2.1 , Medium, Grey,6.5 , 34.4,  White,22.8 , 20.8, 3.8, 53,VARIETY
IC 359062 ,Present  ,Light Green,Sparse,Flat,Present (209/Sq. cm. leaf)   ,,Absent,Palmate,Sparse,Absent,66 cm ,,Normal,46 days ,Yellow,Absent,Embedded,Absent,Yellow,Absent,Solitary,Green,Ovate,Smooth,Blunt,Open,2.7 , Sparse, Grey,6.5 , 37.5,  White,22.8 , 19.1, 4.0, 52,VARIETY
IC 359065 ,Present  (Red),Dark red,Sparse,Flat,Present (213/Sq. cm. leaf)   ,,Present-dark,Palmate,Sparse,Present,64 cm ,,Normal,50 days ,Yellow+pink,Absent,Embedded,Absent,Cream+pink,Absent,Solitary,Red,Ovate,Smooth,Blunt,Open,2.4 , Medium, White,6.5 , 31.3,  White,21.1 , 18.3, 3.2, 52,VARIETY
IC 359066 ,Present  ,Light Green,Sparse,Flat,Present (177/Sq. cm. leaf)   ,,Present,Semi digitat,Sparse,Absent,50 cm ,,Normal,50 days ,Cream,Absent,Embedded,Absent,Yellow,Absent,Solitary,Green,Round,Smooth,Pointed,Open,1.8 , Medium, White,8.0 , 30.4,  Cream, 25.6, 21.4, 3.3, 47,VARIETY
SUMAN ,  Present ,Light Green,Sparse,Flat,Present (181/Sq. cm. leaf)   ,,Present-faint,Palmate,Sparse,Absent,74 cm ,,Normal,50 days ,Cream,Absent,Embedded,Absent,Yellow,Absent,Solitary,Green,Round,Smooth,Pointed/Blunt (Offtypes),Open,2.6 ,Medium , Grey,6.5 , 38.1,  White, 25.1, 21.2, 2.8, 49,VARIETY
SIMA-1 (,Present  ,Light Green,Sparse,Flat,Present (178/Sq. cm. leaf)   ,,Present,Palmate,Medium,Absent,72 cm ,,Normal,49 days ,Cream,Absent,Embedded,Absent,Cream,Absent,Solitary,Green,Round,Smooth,Blunt ,Open,, Medium, Grey,7.0 , 34.6, Cream,23.8 , 20.8, 3.3, 49,VARIETY
– LH-900,Present  ,Light Green,Sparse,Flat,Present (268/Sq. cm. leaf)   ,,Present,Palmate,Medium,Absent,60 cm ,,Normal,56 days ,Cream,Absent,Embedded,Absent,Cream,Absent,Solitary,Green,Ovate,Smooth,Blunt ,Open,2.3 , Medium, Grey,6.5 , 33.1,  White,21.6 , 19.4, 3.2, 52,VARIETY
PUSA-31,Present  ,Light Green,Sparse,Flat,Present (134/Sq. cm. leaf)   ,,Present,Palmate,Sparse-medium,Absent, 50 cm,,Normal,53 days ,Cream,Absent,Embedded,Absent,Cream,Absent,Solitary,Green,Ovate/Round(offtype),Smooth,Blunt,Open,3.2 , Dense, White,8.5 , 32.4,  white,25.5 , 20.1, 2.9, 47,VARIETY
PKV-081,Present  ,Light Green,Sparse,Cup,Present (198/Sq. cm. leaf)   ,,Present,Palmate,Sparse,Absent,52 cm ,,Normal,49 days ,Yellow,Absent,Embedded,Absent,Yellow,Absent,Solitary,Green,Ovate,Smooth,Blunt ,Open,2.8 , Sparse, Grey,7.0 , 38.8,white , 27.2, 22.1, 3.0, 49,VARIETY
SS-167,Present  ,Light Green,Medium,Flat,Present (166/Sq. cm. leaf)   ,,Present,Degitate & semi degitate,Medium,Absent,58 cm ,,Normal,53 days ,Cream,Absent,Embedded,Absent,Cream,Absent,Solitary,Green,Round,Smooth,Pointed,Open,2.2 , Sparse, Grey,6.5 , 28.5,white , 24.1, 19.1, 3.1, 48,VARIETY
MAHALAXMI(,Present  ,Light Green,Sparse,Flat,Present (141/Sq. cm. leaf)   ,,Present,Palmate,Sparse,Absent,77 cm ,,Normal,53 days ,Yellow,Absent,Exerted,Absent,Cream,Absent,Solitary,Green,Round,Smooth,Pointed/blunt(offtypes),Open,3.1 , Medium, Green,9.5 , 35.8,  white, 25.7, 21.5, 2.9, 49,VARIETY
- IC 359025,Present  ,Light Green,Sparse,Flat,Present (239/Sq. cm. leaf)   ,,Absent,palmate,sparse,Absent,68 cm ,,Normal,52 days ,Cream,Absent,Embedded,Absent,Cream,Absent,Solitary,Green,Round,Smooth,Blunt,Open,3.2 ,Medium , Grey, 7.0, 33.3,white ,22.7 , 19.3, 2.8, 52,VARIETY
Vikram,Present  ,Light Green,sparse,Flat,Present (292/Sq. cm. leaf)   ,,Present,palmate,Medium,present,95 cm ,,Normal,56 days ,Cream,Absent,exerted,Absent,yellow,Absent,Solitary,Green,Ovate,Smooth,Blunt,Open,3.1 , Medium, Grey,8.0 , 34.8,white ,22.3 , 20.8, 3.0, 51,VARIETY
Jhurad,Present  ,Light Green,Sparse,Flat,Present (217/Sq. cm. leaf)   ,,Present,Palmate,Sparse,Absent,70 cm ,,Normal,53 days ,Cream,Absent,Embedded,Absent,Cream,Absent,Solitary,Green,ovate,Smooth,Blunt,Open,2.1 , Medium, Grey,7.5 , 31.9,white ,23.3 , 20.4, 4.0, 50,VARIETY
CSH-911 ,Present  ,Light Green,sparse,Flat,Present (123/Sq. cm. leaf)   ,,Present,palmate,Medium,Absent,,,Normal,,Yellow,Absent,Exerted,Absent,Yellow,Absent,Solitary,Green,ovate,Smooth,Pointed,Open,,,,,,,,,,,OKRA
EC 152285 ,,Light Green,Sparse,Flat,Present (133/Sq. cm. leaf)   ,,present,degitate,Sparse,Absent,,,Normal,,Cream,Absent,Embedded,Absent,Cream,Absent,Solitary,Green,Ovate,Smooth,Blunt/pointed(offtypes),Open,,,,,,,,,,,OKRA
EC 158938,,Light Green,Sparse,Flat,Present (170/Sq. cm. leaf)   ,,present,semidegitate,Sparse,Absent,,,Normal,,cream,Absent,Embedded,Absent,Cream,Absent,Solitary,Green,Ovate,Smooth,                   pointed,Open,,,,,,,,,,,OKRA
EC 170338 ,,Light Green,Sparse,Flat,Present (207/Sq. cm. leaf)   ,,present, Semi digitate,medium,Absent,,,Normal,,Yellow,Absent,Embedded,Absent,cream,Absent,Solitary,Green,Ovate,Smooth,pointed,Open,,,,,,,,,,,OKRA
EC 170340-NLLH ,,Light Green,Sparse,Flat,Present (123/Sq. cm. leaf)   ,,present,Super degitate,Medium,Absent,,,Normal,,Cream,Absent,Embedded,Absent,Cream,Absent,Solitary,Green,round,Smooth,Blunt,Open,,,,,,,,,,,OKRA
EC 170340 ,,Light Green,Medium,Flat,Present (141/Sq. cm. leaf)   ,,present,Semi degitate,Medium,Absent,,,Normal,,Yellow,Absent,Embedded,Absent,Cream,Absent,Solitary,Green,Round,Smooth,Blunt,Open,,,,,,,,,,,OKRA
line 33,,Light Green,Sparse,Flat,Present (136/Sq. cm. leaf)   ,,Present,Palmate,Sparse,Absent,,,Normal,,Cream,Absent,Exerted,Absent,Cream,Absent,Solitary,Green,Ovate,Smooth,Blunt/pointed(offtypes),Open,,,,,,,,,,,NEW
Line 34,,Light Green,Sparse,Flat,Present (190/Sq. cm. leaf)   ,,Present,Palmate,Sparse,Absent,,,Normal,,Cream,Absent,Embedded,Absent,Cream,Absent,Solitary,Green,Round,Smooth,Blunt/pointed(offtypes),Open,,,,,,,,,,,NEW
line 35,,Light Green,Sparse,Flat,Present (170/Sq. cm. leaf)   ,,Present,Palmate,medium,Absent,,,Normal,,Cream,Absent,Embedded,Absent,Cream,Absent,Solitary,Green,Ovate,Smooth,Blunt,Open,,,,,,,,,,,NEW
Line 36,,Light Green,Sparse,Flat,Present (238/Sq. cm. leaf)   ,,present,Palmate,medium,Absent,,,Normal,,Cream,Absent,Embedded,Absent,cream,Absent,Solitary,Green,Ovate,Smooth,pointed,Open,,,,,,,,,,,NEW
line 37,,Light Green,Sparse,Flat,Present (179/Sq. cm. leaf)   ,,present,Palmate,medium,Absent,,,Normal,,cream,Absent,Embedded,Absent,Cream,Absent,Solitary,Green,Ovate,Smooth,Blunt,Open,,,,,,,,,,,NEW
Line 38,,Light Green,Sparse,Flat,Present (189/Sq. cm. leaf)   ,,Present,Palmate,medium,Absent,,,Normal,,Cream,Absent,Embedded,Absent,Cream,Absent,Solitary,Green,round,Smooth,pointed,Open,,,,,,,,,,,NEW
Line 39,,Light Green,Sparse,Flat,Present (208/Sq. cm. leaf)   ,,Present,Palmate,Sparse,Absent,,,Normal,,Cream,Absent,Embedded,Present,Cream,Absent,Solitary,Green,Ovate,Smooth,Blunt,Open,,,,,,,,,,,NEW
V line 40,,Light Green,Sparse,Flat,Present (243/Sq. cm. leaf)   ,,present,Palmate,medium,Absent,,,Normal,,cream,Absent,exerted,Absent,Cream,Absent,Solitary,Green,Ovate,Smooth,Blunt/pointed(offtype),Open,,,,,,,,,,,NEW
line 41,Present ((red) ,Light red,Medium,Flat,Present (148/Sq. cm. leaf)   ,,Present,Palmate,Medium,present,,,Normal,,Cream+pink,Absent,Embedded,Present,Cream+pink,Absent,Solitary,Red,Ovate,Smooth,Blunt,Open,,,,,,,,,,,NEW
Line 42,,Light Green,Medium,cup,Present (151/Sq. cm. leaf)   ,,Present,Palmate,Medium,Absent,,,Normal,,Yellow,Absent,Embedded,Absent,yellow,Absent,Solitary,Green,Ovate,Smooth,Blunt,Open,,,,,,,,,,,NEW
Line 43,,Light Green,Sparse,Flat,Present (159/Sq. cm. leaf)   ,,Present,Palmate,medium,Absent,,,Normal,,Cream,Absent,Embedded,Present,Cream,Absent,Solitary,Green,Ovate,Smooth,Blunt,Open,,,,,,,,,,,NEW
Line 44,,Light Green,medium,Flat,Present (112/Sq. cm. leaf)  ,,Present,Palmate,medium,Absent,,,Normal,,Cream,Absent,exerted,absent,Cream,Absent,Solitary,Green,Ovate,Smooth,                  pointed,Open,,,,,,,,,,,NEW
Line 45,,Light Green,Sparse,Flat,Present (181/Sq. cm. leaf)   ,,Absent,Palmate,Sparse,Absent,,,Normal,,Yellow,Absent,Embedded,Present,yellow,Absent,Solitary,Green,Ovate,Smooth,Blunt,Open,,,,,,,,,,,NEW
Line 46,,Light Green,Sparse,Flat,Present (169/Sq. cm. leaf)   ,,Present,Palmate,medium,Absent,,,Normal,,Cream,Absent,Embedded,Present,Cream,Absent,Solitary,Green,Ovate,Smooth,pointed,Open,,,,,,,,,,,NEW
line 47,,Light Green,Sparse,Flat,Present (202/Sq. cm. leaf)   ,,Present,Palmate,Sparse,Absent,,,Normal,,Cream,Absent,Exerted,absent,Cream,Absent,Solitary,Green,elliptic,Smooth,Blunt,Open,,,,,,,,,,,NEW
Line 48,,Light Green,Sparse,Flat,Present (126/Sq. cm. leaf)   ,,Present,Lanceolate,Sparse,Absent,,,Normal,,Cream,Absent,Embedded,absent,Cream,Absent,Solitary,Green,round,Smooth,Blunt,Open,,,,,,,,,,,NEW
Line 49,,Light Green,Sparse,Flat,Present (142/Sq. cm. leaf)   ,,Present,degitate,Sparse,Absent,,,Normal,,yellow,Absent,Embedded,absent,Cream,Absent,Solitary,Green,Ovate,Smooth,pointed,Open,,,,,,,,,,,NEW
Line 50,Present  ,Light Green,medium,Flat,Present (126/Sq. cm. leaf)   ,,Present,digitate,medium,Absent,,,Normal,,yellow,Absent,Embedded,absent,Cream,Absent,Solitary,Green,Ovate,pitted,pointed,Open,,,,,,,,,,,NEW
"JK-258 LYC,G ",Present  ,               Light Green,sparse,Flat,Present (176/Sq. cm leaf)   ,Present ,Present,Palmate,Medium,absent,71 cm  , SS,Normal,52 Days (Medium)    ,cream,Absent,exerted,Absent,yellow,Absent,Solitary,Green,round,Smooth,pointed,Open,3.9 , Dense , Grey ,7.5 , 36.78, White ,25.4 , 19.6, 3.2, 48,JBWR
"JK- 259 CC,G ",Present  ,               Light Green,sparse,Flat,Present (218/Sq. cm leaf)   ,Present ,Present,Palmate,Medium,absent,74cm  , SS,Normal, 53 Days (Medium)   ,cream,Absent,Embedded,Absent,cream,Absent,Solitary,Green,Ovate,Smooth,Blunt,Open, 3.8, Dense , Grey ,8.0 , 35.38, White ,26.2 , 20.9, 3.3, 51,JBWR
JK-260 LYC  ,Present  ,               Light Green,sparse,Flat,Present (152/Sq. cm leaf)   ,Present ,Present,Palmate,sparse,absent,65cm , SS,Normal,52 Days (Medium)    ,Yellow,Absent,exerted,Absent,cream,Absent,Solitary,Green,round,Smooth,Blunt,Open,3.2 ,  Medium , Grey,7.5 , 38.08,   White,24.1 , 19.9, 2.5, 48,JBWR
"JK-258 LYC,H ",Present  ,               Light Green,sparse,Flat,Present (164/Sq. cm leaf)   ,Present ,Present-faint,Palmate,Medium,absent,75 cm  , SS,Normal,49 Days (Early)    ,Yellow,Absent,Embedded,Absent,cream,Absent,Solitary,Green,Ovate,Smooth,Blunt,Open,2.1 , Sparse , Grey ,6.0 , 34.00, White ,24.4 , 19.7, 2.6, 49,JBWR
"JK-258 LYC, H-1 (",Present  ,Green,Medium,Flat,Present (185/Sq. cm leaf)   ,Present ,Present-faint,Palmate,Medium,absent,66 cm  , SS,Normal,56 Days (Medium)    ,Yellow,Absent,Embedded,Absent,cream,Absent,Solitary,Green,Ovate,Smooth,Blunt,Open,2.6 , Medium , Grey ,8.0 , 40.28, White ,24.2 , 20.4, 3.6, 50,JBWR
70 JK-344 (,Present  ,Green,Medium,Flat,Present (217/Sq. cm leaf)   ,Present ,Present-faint,Palmate,Medium,absent,75 cm  , SS,Normal,52 Days (Medium)    ,Yellow-many offtypes,Absent,Embedded,Absent,Yellow/cream-offtypes,Absent,Solitary,Green,Ovate,Smooth,Blunt,Open, 2.2, Medium , Grey ,7.5 , 40.14, White , 23.5, 20.6, 3.4, 50,JBWR
"JK-345,CSH ",Present  ,               Light Green,sparse,Flat,Present (130/Sq. cm leaf)   ,Present ,Present-faint,Palmate,Medium,absent,52 cm  , SS,Normal,49 Days (Early)    ,cream,Absent,exerted,Absent,yellow,Absent,Solitary,Green,round,Smooth,Blunt,Open,3.1 , Dense , White ,7.0 , 40.00, White ,23.3 , 19.7, 3.5, 50,JBWR
JK-345-LYC  ,Present  ,               Light Green,sparse,Flat,Present (241/Sq. cm leaf)   ,Present ,Present-faint,,sparse,absent, 75 cm , SS,Normal,34 Days (Early)    ,Yellow,Absent,Embedded,Absent,cream,Absent,Solitary,Green(offtypes),round,Smooth,pointed,Open,2.5 ,Medium   ,Grey  ,7.0 , 39.15, White , 25.5, 20, 2.7, 49,JBWR
M-1 ,Present  ,               Light Green,sparse,Flat,Present (149/Sq. cm leaf)   ,Present ,Present-faint,Palmate,Medium,absent,, SS,Normal,56 Days (Medium)    ,cream,Absent,Embedded,Absent,cream,Absent,Solitary,Green,round,Smooth,pointed,Open, 1.9, Sparse , Grey ,5.5 , 51.75,   White,19.9 , 18.0, 3.2, 55,JBWR
M-7 ,Present  ,Green,sparse,Flat,Present (162/Sq. cm leaf)   ,Present ,Present-faint,Palmate,sparse,absent,67 cm  , SS,Normal,47 Days (Early)    ,cream,Absent,Embedded,Absent,cream,Absent,Solitary,Green,Ovate,Smooth,pointed,Open,3.1 , Medium , Grey ,7.0 , 34.25,   White,25.4 , 21.2, 2.7, 49,JBWR
75  M-15 ,Present  ,              Green,Medium,Flat,Present (201/Sq. cm leaf)   ,Present ,Present-deep,Palmate,Medium,Present -faint,75cm  , SS,Normal,49 Days (Early)    ,cream,Absent,Embedded,Absent,yellow,Absent,Solitary,Green,Ovate,Smooth,pointed,Open,3.2 , Medium , Grey ,7.0 , 37.93, White , 24.7,21.2, 3.1,50 ,JBWR
SP M-15 (,Present  ,               Light Green,Medium,Flat,Present (190/Sq. cm leaf)   ,Present ,Present-faint,Palmate,Medium,absent,90 cm  , SS,Normal,49 Days (Early)     ,cream,Absent,Embedded,Absent,yellow,Absent,Solitary,Green,Ovate,Smooth,pointed,Open, 2.8, Medium, Grey ,7.5 , 37.39, White ,24.5 , 18.9, 3.4, 52,JBWR
M-18 ,Present  ,               Light Green,sparse,Flat,Present (228/Sq. cm leaf)   ,Present ,Present-faint,Palmate,sparse,absent,70 cm  , SS,Normal,52 Days (Medium)     ,cream,Absent,Embedded,Absent,Yellow(many offtypes),Absent,Solitary,Green,Ovate,Smooth,Blunt,Open, 2.9, Medium , Grey ,8.5 , 36.30, White , 25.1, 19.3, 2.7, 47,JBWR
M-15 ,Present  ,               Green,sparse,Flat,Present (143/Sq. cm leaf)   ,Present ,Present-faint,Palmate,sparse,absent,65 cm  , SS,Normal,49 Days (Early)     ,cream,Absent,Embedded,Absent,yellow,Absent,Solitary,Green,round,Smooth,pointed,Open,3.7 , Medium , Grey ,7.5 , 36.90, White , 27.4, 20.7, 2.7, 46,JBWR
M-19 SP  ,Present  ,               Light Green,sparse,Flat,Present (142/Sq. cm leaf)   ,Present ,Present-faint,Palmate,sparse,absent, 55 cm , SS,Normal,,Yellow,Absent,Embedded,Absent,cream,Absent,Solitary,Green,Ovate,Smooth,pointed,Open,3.1 , Medium , Grey , 8.0, 34.57, White ,24.5 , 20.5, 2.7, 48,JBWR
) LYC-M-26 ,Present  ,                         Green,sparse,Flat,Present (158/Sq. cm leaf)   ,Present ,Present-faint,Palmate,sparse,absent,62 cm   , SS,Normal,,Cream/Yellow-offtypes,Absent,Embedded/exerted,Absent,cream,Absent,Solitary,Green,Ovate,Smooth,pointed,Open,2.6 , Medium , Grey ,7.5 , 39.81, White ,25 .5, 21.1,3.5 , 48,JBWR
M-26 SP ,Present  ,               Light Green,sparse,Flat,Present (131/Sq. cm. leaf) ,Present ,absent,Palmate,sparse,absent,66 cm , SS,Normal,,cream,Absent,Embedded,Absent,cream,Absent,Solitary,Green,rounded,Smooth,pointed,Open,2.3 ,Medium ,Grey ,7.0 , 35.9, White ,28.1 , 22.4, 2.7, 46,JBWR
AV-3646 ,Present  ,               Light Green,sparse,Flat,Present (212/Sq. cm. leaf)  ,Present ,absent,Palmate,sparse,absent,85 cm , SS,Normal,,cream,Absent,Embedded,Absent,yellow,Absent,Solitary,Green,Ovate,Smooth,Blunt,Open,2.4 , Medium, Grey,6.5 , 37.8,   White,28.0 , 19.3, 2.6, 44,JBWR
AV-3649 SP ,Present  ,               Light Green,sparse,Flat,Present (160/Sq. cm. leaf)  ,Present ,Present-faint,Palmate,Medium,absent, 83 cm, SS,Normal,,Yellow,Absent,Exerted,Absent,yellow,Absent,Solitary,Green,rounded,Smooth,pointed,Open, 2.3, Medium, Grey,8.0 , 37.82, White , 25.6, 19.0, 3.4, 47,JBWR
AV-3670 ,Present ,               Light Green,sparse,cup,Present (227/Sq. cm. leaf)  ,Present ,Present-faint,Palmate,sparse,absent, 80 cm, SS,Normal,,Yellow,Absent,Exerted,Absent,yellow,Absent,Solitary,Green,Ovate,Smooth,pointed,Open,2.8 , Medium, Grey,7.5 , 40.2, White ,24.7 , 19.5, 3.2, 50,JBWR
SP AV 3670 ,Present  ,Green,sparse,Flat,Present (159/Sq. cm. leaf)  ,Present ,Present-faint,Palmate,sparse,absent, 68 cm, SS,Normal,,Yellow,Absent,Embedded,Absent,yellow,Absent,Solitary,Green,rounded,Smooth,pointed,Open,3.1 , Medium, Grey,8.0 , 34.5, White ,27.1 , 21.8, 2.9, 47,JBWR
AV 3670 (,Present  ,               Light Green,sparse,Flat,Present (220/Sq. cm. leaf)  ,Present ,absent,Palmate,sparse,absent,68 cm , SS,Normal,,Yellow,Absent,Embedded,Absent,cream,Absent,Solitary,Green,rounded,Smooth,pointed,Open,2.6 , Medium, Grey,7.5 , 33.5, White ,25.1 , 18.4, 4.1, 49,JBWR
G.Cot-10 ,Present  ,               Light Green,sparse,Flat,Present (108/Sq. cm. leaf)  ,Present ,absent,Palmate,sparse,absent,, SS,Normal,,Yellow,Absent,Embedded,Absent,cream,Absent,Solitary,Green,Ovate,Smooth,pointed,Open,2.7 ,Medium , White,7.5 ,33.8 , White ,Lint not obtained in sufficient quantity for analysis,,,,JBWR
G.Cot-12 ,Present  ,               Light Green,sparse,Flat,Present (118/Sq. cm. leaf)  ,Present ,absent,Palmate,sparse,absent,75 cm , SS,Normal,,Yellow,Absent,Embedded,Absent,cream,Absent,Solitary,Green,Ovate,Smooth,pointed,Open,3.2 ,Medium , Grey,7.5 , 39.1, White , 25.0, 21.2, 3.1, 50,JBWR
G.Cot-100 ,Present  ,               Light Green,sparse,Flat,Present (171/Sq. cm. leaf)  ,Present ,absent,Palmate,sparse,absent,68 cm , SS,Normal,,cream,Absent,Embedded,Absent,yellow,Absent,Solitary,Green,Ovate,Smooth,pointed,Open,3.4 , Medium , Grey,6.5 , 35.5, White ,26.2 , 19.5, 2.7, 48,JBWR
NSP-18 ,Present  ,               Green,sparse,Flat,Present (208/Sq. cm. leaf)  ,Present ,absent,Palmate,sparse,absent,42 cm , SS,Normal,,Yellow,Absent,Embedded,Absent,cream,Absent,Solitary,Green,Ovate,Smooth,pointed,Open,1.8 , Dense, White,10.0 , 31.4, White ,29.6 , 21.2, 2.7, 42,JBWR
) MESR-17,Present  ,               Light Green,sparse,Flat,Present (158/Sq. cm. leaf)  ,Present ,Present,Palmate,sparse,-,54 cm , SS,Normal,,Yellow,Absent,Embedded,Absent,cream,Absent,Solitary,Green,Ovate,Smooth,pointed,Open, 1.4, Medium, White,6.0 , 36, White ,23.3 , 20.7, 2.7, 52,JBWR
I -81,Present  ,Green,dense,cup,Present (260/Sq. cm. leaf)  ,Present ,Present,Palmate,dense,absent,60 cm , SS,Normal,41 day (early)       ,cream,Absent,Exerted,Absent,cream,Absent,Solitary,Green,Ovate,Smooth,pointed,Open,3.6 , Medium, Grey,8.0 , 37.5, White ,25.7 , 20.1, 2.9, 50,JBWR
PKV 0802 ,Present  ,               Light Green,sparse,Flat,Present (105/Sq. cm. leaf)   ,Present ,absent,Palmate,medium,absent,55 cm , SS,Normal,56 day (Medium)       ,Yellow,Absent,Embedded,Absent,cream,Absent,Solitary,Green,round,Smooth,blunt,Open,2.2 , Medium, Grey,7.0 , 39.4, White ,21.5 , 19.3, 4.1, 50,JBWR
PKV 0804 ,Present  ,               Light Green,medium,Flat,Present (238/Sq. cm. leaf)   ,Present ,Present-faint,Palmate,medium,absent,68 cm , SS,Normal,48 day (early)       ,Yellow,Absent,Embedded,Absent,cream,Absent,Solitary,Green,Ovate,Smooth,blunt,Open,3.4 ," Mediu,m", Grey,8.0 , 36.2, White ,24.5 , 19.7, 3.3, 49,JBWR
SP PKV 0804 ,Present  ,               Light Green,sparse,Flat,Present (201/Sq. cm. leaf)   ,Present ,Present,Palmate,sparse,absent,72 cm , SS,Normal,53 day (Medium)       ,Yellow,Absent,Embedded,Absent,cream,Absent,Solitary,Green,Ovate,Smooth,blunt,Open, 2.6, Medium, White,6.5 , 35.4, White ,21.3 , 20.3, 3.7, 52,JBWR
PKV 053 ,Present  ,               Light Green,sparse,Flat,Present (184/Sq. cm. leaf)   ,Present ,Present-faint,Palmate,sparse,absent,, SS,Normal, 40 day (early)      ,cream,Absent,Embedded,Absent,cream,Absent,Solitary,Green,Ovate,Smooth,pointed,Open,3.5 , Medium, White, 9.0, 33, White ,27.4 , 21.3, 4.6, 49,JBWR
PKV 053 SP ,Present  ,               Light Green,sparse,Flat,Present (163/Sq. cm. leaf)   ,Present ,Present-faint,Palmate,sparse,absent,, SS,Normal, 53 day (Medium)      ,Yellow,Absent,Embedded,Absent,cream,Absent,Solitary,Green,round,Smooth,Pointed/blunt(?),Open,2.6 , Medium, Grey,7.0 , 36.6,   White,26.2 , 19.6, 3.1, 47,JBWR
GISC II 77-4  ,Present  ,               Green,Medium,Cup,Present (142/Sq. cm. leaf)   ,Present ,Present,Palmate,medium,absent,, SS,Normal,52 day (Medium)       ,Yellow,Absent,Embedded,present,cream,Absent,Solitary,Green,Ovate/round (offtype),Smooth/pointed,pointed,Open,3.7 , Medium, Grey,8.0 , 32.4, White , 25.5, 17.4, 4.0, 47,JBWR
EARLY GISC II 77-4,Present  ,               Light Green,sparse,Flat,Present (196/Sq. cm. leaf)   ,Present ,Present-faint,Palmate,medium,absent,66 cm , SS,Normal,45 day (early)       ,Yellow,Absent,Exerted,Absent,cream,Absent,Solitary,Green,Ovate,Smooth,pointed,Open,3.2 , Medium, White,8.5 , 41.9,   White,24.4 , 21.3, 3.5, 51,JBWR
GISC II-81-13 ,Present  ,               Light Green,sparse,Flat,Present (162/Sq. cm. leaf)   ,Present ,absent,Palmate,sparse,absent,55 cm , SS,Normal,40 days (early) ,cream,Absent,Embedded,Absent,cream,Absent,Solitary,Green,Ovate,Smooth,pointed,Open,2.8 , Sparse, Grey,8.5 , 36.6, White ,26.6 , 21.2, 2.9, 46,JBWR
76 IH-22 ,Present  ,               Light Green,sparse,Flat,Present (173/Sq. cm. leaf)   ,Present ,Present-good,Palmate,medium,absent,61 cm , SS,Normal,52 day (Medium)       ,cream,Absent,Exerted,Absent,cream,Absent,Solitary,Green,Ovate,Smooth,pointed,Open, 3.3, Medium, White,7.5 , 31.3, White ,23.8 , 21.4, 3.1, 50,JBWR
76 IH-23  ,Present  ,               Light Green,medium,Flat,Present (120/Sq. cm. leaf)   ,Present ,Present-faint,Palmate,medium,absent,86 cm , SS,Normal,   55 day (Medium)          ,Yellow,Absent,Embedded,Absent,cream,Absent,Solitary,Green,Ovate,Smooth,blunt,Open,2.4 , Medium, Grey,8.0 , 39.0, White ,23.1 , 18.5, 3.2, 49,JBWR
ACHHY-16 ,Present  ,               Light Green,medium,Flat,,Present ,Present-faint,Palmate,medium,absent,88 cm , SS,Normal,      56 day (Medium)      ,cream,Absent,Embedded,Absent,cream,Absent,Solitary,Green,round,Smooth,pointed,Open,2.3 , Medium, White,6.5 , 34.8, White ,25.4 , 20.2, 3.1, 46,JBWR
ACH 703 ,Present  ,               Light Green,medium,Flat,Present (165/Sq. cm. leaf)   ,Present ,Present-faint,Palmate,medium,absent,82 cm , SS,Normal,53 days (Medium)      ,Yellow,Absent,Embedded,Absent,cream,Absent,Solitary,Green,Ovate,Smooth,pointed,Open,3.1 , Medium, Grey, 8.5, 30.3,   White, 24.5, 21.6, 3.2, 48,JBWR
ACH 703 SP ,Present  ,               Light Green,medium,Flat,Present (122/Sq. cm. leaf)   ,Present ,Present-faint,Palmate,medium,absent, 70 cm, SS,Normal,48 days (early)      ,Yellow,Absent,Embedded,Absent,cream,Absent,Solitary,Green,Ovate,Smooth,Blunt/pointed(?),Open,3.1 , Medium, Grey, 8.5, 33.2,   White,25.4 , 18.3, 3.8, 48,JBWR
36-YY ,Present  ,               Light Green,nmedium,Flat,Present (181/Sq. cm. leaf)   ,Present ,Present-faint,Palmate,medium,absent,82 cm , SS,Normal,45 days (early)      ,Yellow,Absent,Embedded,Absent,cream,Absent,Solitary,Green,Ovate,Smooth,blunt,Open,2.1 , Medium, White,7.0 , 34.3, White ,25.9 , 22.2, 2.6, 49,JBWR
GISV-12 ,Present  ,               Light Green,medium,Flat,Present (91/Sq. cm. leaf)   ,Present ,Present-faint,Palmate,medium,absent,80 cm , SS,Normal,48 days (early)      ,Yellow,Absent,exerted,Absent,cream,Absent,Solitary,Green,Ovate,Smooth,blunt,Open,2.3 , Medium, Grey,7.0 , 33.3, White ,24.8 , 21.6, 4.2, 52,JBWR
GJHV-34 ,Present  ,               Light Green,sparse,Flat,Present (178/Sq. cm. leaf)   ,Present ,absent,Palmate,sparse,absent, 65 cm, SS,Normal,45 days (early)     ,Yellow,Absent,Embedded,Absent,cream,Absent,Solitary,Green,round,Smooth,Blunt/pointed(?),Open, 2.5, Medium, Brown,8.0 , 37.3,Brown ,25.0 , 18.5, 3.3, 46,JBWR
GJHV-53 ,Present  ,               Light Green,medium,Flat,Present (227/Sq. cm. leaf)   ,Present ,absent,Palmate,medium,absent, 75 cm, SS,Normal,34 days (early)     ,Yellow,Absent,Embedded,Absent,cream,Absent,Solitary,Green,round,Smooth,blunt,Open,2.7 , Medium, White,7.5 , 36.5, White ,21.6 , 18.6, 3.8, 51,JBWR
JK-54(,Present  ,               Light Green,sparse,Flat,Present (113/Sq. cm. leaf)   ,Present ,absent,Palmate,medium,absent,75 cm , SS,Normal,49 days (early)     ,Yellow,Absent,Embedded,Absent,cream,Absent,Solitary,Green,Ovate,Smooth,pointed,Open,2.6 , Medium, Grey,6.5 , 34.2, White , 24.0, 19.5, 4.3, 49,JBWR
GISV-61 ,Present  ,               Light Green,sparse,Flat,Present (210/Sq. cm. leaf)   ,Present ,absent,Palmate,sparse,absent,83 cm , SS,Normal,49 days (early)     ,Yellow,Absent,Embedded,Absent,cream,Absent,Solitary,Green,Ovate,Smooth,Blunt/Pointed(?),Open,2.4 , Medium, Grey,6.5 , 35.8, White ,23.7 , 19.5, 4.1, 51,JBWR
GISV-82 ,Present  ,               Light Green,sparse,Flat,Present (123/Sq. cm. leaf)   ,Present ,Present-faint,Palmate,sparse,absent,75 cm , SS,Normal,34 days (early)     ,cream,Absent,Embedded,Absent,cream,Absent,Solitary,Green,Round/ovate(?),Smooth,Blunt/pointed(?),Open,3.3 , Dense, White,9.5 , 32.3, White ,27.0 , 20.7, 3.4, 47,JBWR
33GISV-86-58 ,Present  ,               Light Green,medium,Flat,Present (138/Sq. cm. leaf)   ,Present ,absent,Palmate,medium,absent,88 cm , SS,Normal, 49 days (early)    ,Yellow,Absent,Embedded,Absent,cream,Absent,Solitary,Green,Ovate,Smooth,Blunt/pointed(?),Open,2.6 , Medium, Grey,7.5 , 39.6, White , 24.6, 19.0, 3.4, 50,JBWR
) GISV-127 ,Present  ,               Light Green,medium,Flat,Present (183/Sq. cm. leaf)   ,Present ,Present-faint,Palmate,medium,absent, 60 cm, SS,Normal,49 days (early)    ,cream,Absent,Exerted,Absent,yellow,Absent,Solitary,Green,Ovate,Smooth,pointed,Open,, Medium, White,8.5 , 34.7, White ,29.4 , 18.6, 3.5, 44,JBWR
GJHV-142 ,Present  ,               Light Green,sparse,Flat,Present (134/Sq. cm. leaf)   ,Present ,absent,Palmate,medium,absent,74 cm , SS,Normal,45 days (early)    ,cream,Absent,Embedded,Absent,cream,Absent,Solitary,Green,round,Smooth,blunt,Open,, Medium, Grey,9.0 , 35.8, White ,25.5 , 22.4, 3.2, 47,JBWR
36P 92/260 ,Present  ,               Light Green,sparse,Flat,Present (129/Sq. cm. leaf)   ,Present ,absent,Palmate,sparse,absent, 64 cm, SS,Normal,45 days (early)    ,Yellow,Absent,Embedded,Absent,cream,Absent,Solitary,Green,Ovate,Smooth,blunt,Open,,Medium , Grey,6.0 , 42.7, White , 23.3, 21.0, 3.6, 52,JBWR
GJHV-270 ,Present  ,               Light Green,sparse,Flat,Present (183/Sq. cm. leaf)   ,Present ,Present,Palmate,medium,absent,85 cm , SS,Normal,49 days (early)    ,Yellow,Absent,Embedded,Absent,cream,Absent,Solitary,Green,round,Smooth,blunt,Open,, Medium, White,8.0 , 36.4, White ,25.6 , 19.0, 2.9, 50,JBWR
L-11 ,Present  ,               Light Green,sparse,Flat,Present (140/Sq. cm. leaf)   ,Present ,absent,Palmate,sparse,absent,58 cm , SS,Normal,50 days (medium)   ,cream,Absent,Embedded,Absent,yellow,Absent,Solitary,Green,Ovate,Smooth,blunt,Open,2.9 , Medium, Grey,7.5 , 35.8, White ,25.2 , 18.2, 3.3, 47,JBWR
L-604 ,Present  ,               Light Green,sparse,Flat,Present (143/Sq. cm. leaf)   ,Present ,Present,Palmate,sparse,absent, 81 cm, SS,Normal,41 days (early)   ,Yellow,Absent,Embedded,Absent,yellow,Absent,Solitary,Green,round,Smooth,pointed,Open,2.8 ,Medium , Grey,7.5 , 35, White , 24.0, 18.4, 3.0, 48,JBWR
L-751 ,Present  ,               Light Green,sparse,Flat,Present (162/Sq. cm. leaf)   ,Present ,absent,Palmate,medium,absent,89 cm , SS,Normal,53 days (medium)   ,cream,Absent,Embedded,Absent,cream,Absent,Solitary,Green,Ovate,Smooth,pointed,Open,2.9 , Medium, White,8.5 , 39.8, White , 24.5, 19.8, 3.2, 50,JBWR
BN RED ,Present  ,red,sparse,Flat,Present (193/Sq. cm. leaf)   ,Present ,Present-dark,Palmate,medium,Present-dark,90 cm , SS,Normal,49 days (early)   ,Red n white,Absent,Embedded,Absent,Cream & pink,Absent,Solitary,red,Ovate,Smooth,blunt,Open,2.8 , Medium, Grey,6.5 , 35.3, White ,25.0 , 20.8, 2.9, 51,JBWR
L-861 ,Present  ,,,,Present (167/Sq. cm. leaf)  ,,,,,,,,,56 days (medium)   ,,,,,,,,,,,,,1.5 , Medium, White,6.0 , 23.5,,Lint quantity not sufficient for analysis ,,,,JBWR
G.Cot 16 (,Present  ,               Light Green,sparse,Flat,Present (151/Sq. cm. leaf)   ,Present ,Present,Palmate,medium,absent, 75 cm, SS,Normal,56 days (medium)   ,cream,Absent,Exerted,Absent,cream,Absent,Solitary,Green,Ovate,Smooth,blunt,Open,2.7 ,Dense,Grey,8,35.3, White , 25.2, 20.9, 3.2, 49,JBWR
IC 38562 ,Present  ,               Light Green,medium,Flat,Present (118/Sq. cm. leaf)   ,Present ,Present,Palmate,medium,absent, 85 cm, SS,Normal,34 days (Early)   ,Yellow,Absent,Embedded,Absent,cream,Absent,Solitary,Green,Ovate,Smooth,pointed,Open,2.3 , Medium, Grey,6.0 , 38.3, White , 23.9, 20.9, 2.9, 52,JBWR
47 BWR 28 ,Present  ,               Light Green,Medium-dense,Flat,Present (152/Sq. cm. leaf)   ,Present ,Present,Palmate,medium,absent,65 cm , SS,Normal,35 days (medium)   ,Yellow,Absent,Exerted,Absent,cream,Absent,Solitary,Green,Ovate,Smooth,pointed,Open,2.8 , Medium, Grey,7.0 , 35.5, White ,25.7 , 20.3, 3.3, 51,JBWR
BWR 58 ,Present  ,              Green,sparse,Flat,Present (166/Sq. cm. leaf)   ,Present ,absent,Palmate,medium,absent,80 cm , SS,Normal,53 days (medium)   ,Yellow,Absent,Embeded,Absent,cream,Absent,Solitary,Green,round,Smooth,pointed,Open,2.4 , Sparse, Grey,5.5 , 36.9, White ,25.2 , 20.3, 3.9, 51,JBWR