Hypocotyl: Pigmentation,Leaf: Colour,Leaf: Hairiness,Leaf: Appearance,Leaf: Gossypol Glands,Leaf: Nectaries,Leaf: Petiole Pigmentation,Leaf: Shape,Plant: Stem Hairiness,Plant: Stem Pigmentation,Plant: Height (cm),Plant: Growth Habit,Bract: Type,Flower: Time of Flowering (50% of plants with at least one open flower),Flower: Petal Colour,Flower: Petal Spot,Flower: Stigma,Flower: Anther Filament Colouration,Flower: Pollen Colour,Flower: Male Sterility (Only for A and B lines),Boll: Bearing Habit,Boll: Colour,Boll: Shape (Longitudinal Section),Boll: Surface,Boll: Prominence of Tip,Boll: Opening,Boll: Weight of Seed cotton/boll (grams),Seed: Fuzz,Seed: Fuzz Colour,Seed: Index (100 seed weight in grams),Ginning (%),Fibre: Colour,Fibre: Length (2.5% span length in mm),Fibre: Strength (G/Tex),Fibre: Fineness (micronaire value),Fibre: Uniformity (%),Group
Present,Light Green,Sparse,Flat,NA,Present,Present,Palmate,Medium,Absent,70,Semi Spreading,Frego,49,Cream,Absent,Embedded,Absent,Cream,Absent,Solitary,Green,Ovate,Smooth,Pointed,Open,4.00,Dense,White,7.00,32.00,White,24.00,17.90,2.40,46,Marker
Present,Light Green,Sparse,Flat,NA,Present,Present,Palmate,Sparse,Absent,65,Semi Spreading,Normal,49,Cream,Absent,Embedded,Absent,Yellow,Absent,Solitary,Green,Ovate,Smooth,Blunt,Open,3.20,Dense,White,7.50,32.14,White,25.10,18.40,2.40,50,Marker
Present,Light Green,Medium - Dense,Flat,227,Present,Present,Palmate,Medium,Present,72,Semi Spreading,Normal,42,Cream,Absent,Embedded,Absent,Yellow,Absent,Solitary,Green,Ovate,Smooth,Blunt,Open,5.20,Medium,Grey,7.00,35.17,White,22.80,19.00,3.10,50,Marker
Present,Light Green,Medium,Flat,309,Present,Absent,Palmate,Medium,Present,70,Semi Spreading,Normal,53,Cream,Absent,Embedded,Absent,Cream,Absent,Solitary,Green,Ovate,Smooth,Pointed,Open,4.50,Dense,Brown,7.00,30.43,Brown,21.50,19.50,3.50,50,Marker
Present,Light Green,Sparse,Flat,313,NA,Present,Palmate,Medium,Absent,62,Semi Spreading,Normal,52,Cream,Absent,Embedded,Absent,Yellow,Absent,Solitary,Green,Round,Smooth,Bold,Open,3.50,Medium,Grey,7.00,35.70,White,23.20,19.80,2.80,48,Marker
Present,Light Green,Sparse,Flat,252,NA,Present,Palmate,Medium,Absent,105,Semi Spreading,Normal,48,Yellow,Absent,Embedded,Absent,Yellow,Absent,Solitary,Green,Ovate,Smooth,Pointed,Open,6.80,Medium,Grey,8.50,39.13,White,25.90,19.00,2.90,47,Marker
Present,Green,Sparse,Flat,241,Present,Present,Palmate,Sparse - Medium,Absent,62,Semi Spreading,Normal,52,Cream,Absent,Exerted,Absent,Cream,Absent,Solitary,Green,Ovate,Smooth,Blunt,Open,5.20,Medium,Grey,6.00,35.65,White,21.00,18.30,2.70,51,Marker
Present (Dark),Red,Sparse,Flat,288,Present,Present,Palmate,Sparse,Present,65,Semi Spreading,Normal,49,Pink,Absent,Exerted,Absent,Cream,Absent,Solitary,Red,Ovate,Smooth,Pointed,Open,3.80,Medium,Grey,7.50,32.25,White,24.10,20.60,3.00,51,Marker
Present,Green,Sparse,Flat,191,NA,Absent,Digitate,Sparse,Absent,58,Semi Spreading,Normal,52,Cream,Absent,Embedded,Absent,Yellow,Absent,Solitary,Green,Round,Smooth,Blunt,Open,4.40,Medium,Grey,5.50,37.90,White,23.60,16.70,3.40,49,Marker
Present,Light Green,Sparse,Flat,170,Present,Absent,Palmate,Medium,Absent,65,NA,Normal,46,Cream,Absent,Embedded,Absent,Cream,Absent,Solitary,Green,Ovate,Smooth,Pointed,Open,5.00,Dense,Brown,6.50,23.17,Brown,20.30,16.70,3.40,48,Marker
Present,Green,Sparse,Flat,150,Present,Present,Palmate,Sparse,Absent,60,Semi Spreading,Normal,46,Cream,Absent,Embedded,Absent,Cream,Absent,Solitary,Green,Ovate,Smooth,Blunt,Open,NA,Medium,Green,7.50,23.95,Green,22.00,16.80,2.40,50,Marker
Present,Green,Medium,Flat,213,Present,Present,Palmate,Medium,Absent,71,NA,Normal,52,Cream,Absent,Embedded,Absent,Cream,Absent,Solitary,Green,Ovate,Smooth,Blunt,Open,NA,Dense,Greenish Brown,7.50,19.42,Brown,23.10,14.30,2.10,46,Marker
Present,Green,Sparse,Flat,303,Present,Present,Palmate,Sparse,Absent,51,NA,Normal,44,Yellow,Absent,Embedded,Absent,Cream,Absent,Solitary,Green,Ovate,Smooth,Pointed,Open,5.00,Medium,Grey,6.50,39.44,White,21.90,17.40,3.00,50,Marker
Present,Green,Sparse,Flat,192,Present,Present,Palmate,Sparse,Present,55,NA,Normal,41,Cream,Absent,Embedded,Absent,Cream,Absent,Solitary,Green,Ovate,Smooth,Blunt,Open,5.10,Dense,White,8.50,33.58,White,22.20,18.50,3.10,49,Marker
Present,Green,Sparse,Flat,178,Present,Present,Palmate,Sparse,Present,65,Semi Spreading,Normal,34,Cream,Absent,Embedded,Absent,Yellow,Absent,Solitary,Green,Ovate,Smooth,Pointed,Open,NA,Sparse,Grey,5.50,40.00,White,NA,NA,NA,NA,Marker
Present,Green,Sparse,Flat,229,Present,Present,Palmate,Medium,Absent,55,Semi Spreading,Normal,41,Cream,Absent,Exerted,Absent,Cream,Absent,Solitary,Green,Ovate,Smooth,Pointed,Open,4.90,Sparse,Grey,8.50,35.30,White,29.00,20.40,3.00,47,Marker
Present,Green,Sparse,Flat,185,Present,Present,Digitate,Sparse,Absent,54,Semi Spreading,Normal,53,Cream,Absent,Embedded,Absent,Cream,Absent,Solitary,Green,Round,Smooth,Blunt,Open,NA,Medium,Green,7.00,23.68,Green,23.20,19.20,3.00,49,Marker
Present,Light Green,Sparse,Flat,328,Present,Present,Palmate,Medium,Absent,70,Semi Spreading,Normal,54,Yellow,Absent,Embedded,Absent,Cream,Absent,Solitary,Green,Ovate,Smooth,Blunt,Open,4.50,Medium,Grey,6.00,42.20,White,23.50,19.10,3.50,49,Marker
Present,Green,Sparse - Medium,Flat,232,Present,Present,Palmate,Medium,Absent,56,Semi Spreading,Normal,50,Yellow,Absent,Embedded,Absent,Cream,Absent,Solitary,Green,Ovate,Smooth,Pointed,Open,5.30,Medium,Grey,7.00,40.24,White,25.80,19.40,3.20,46,Marker
Present,Green,Medium,Flat,229,Present,Present,Digitate,Medium,Present,40,Semi Spreading,Normal,50,Yellow,Absent,Embedded,Absent,Cream,Absent,Solitary,Green,Ovate,Smooth,Pointed,Open,8.80,Dense,White,9.00,30.32,White,26.60,17.60,3.70,47,Marker
Present (Red),Dark Red,Sparse,Flat,114,Present,Present,Palmate,Sparse,Present,52,Semi Spreading,Normal,50,Cream and Red,Absent,Embedded,Absent,Cream,Absent,Solitary,Red,Ovate,Smooth,Blunt,Open,5.50,Medium,Grey,7.00,34.70,White,25.70,19.40,3.20,46,Marker
Present,Green,Dense,Flat,207,Present,Present,Palmate,Dense,Absent,70,Semi Spreading,Normal,49,Cream,Absent,Embedded,Absent,Yellow,Absent,Solitary,Green,Ovate,Smooth,Pointed,Open,5.50,Sparse,Grey,9.50,35.60,White,24.90,20.70,4.40,50,Marker
Present,Green,Sparse,Flat,229,Present,Present,Palmate,Sparse,Present,55,Semi Spreading,Normal,53,Cream,Absent,Embedded,Absent,Cream,Absent,Solitary,Green,Round,Smooth,Blunt,Open,3.40,Medium,White,7.00,35.16,Green,NA,NA,NA,NA,Marker
Present,Green,Sparse,Flat,215,Present,Present,Palmate,Sparse,Present,44,Semi Spreading,Normal,53,Pink,Absent,Embedded,Absent,Cream,Absent,Solitary,Red,Ovate,Smooth,Pointed,Open,1.20,Medium,Grey,4.30,25.00,White,23.10,17.60,3.40,51,Marker
Present,Light Green,Medium,Flat,11,Present,Present,Digitate,Sparse,Absent,53,Semi Spreading,Normal,49,Cream,Absent,Embedded,Absent,Yellow,Absent,Solitary,Green,Ovate,Smooth,Pointed,Open,3.50,Dense,Grey,6.50,34.61,White,23.90,19.00,3.40,49,Marker
Present,Light Green,Sparse,Flat,174,NA,Present,Palmate,Sparse,Present,51,Semi Spreading,Normal,52,Cream,Absent,Embedded,Absent,Yellow,Absent,Solitary,Green,Ovate,Smooth,Blunt,Open,NA,NA,NA,NA,NA,White,NA,NA,NA,NA,Marker
Present (Red),Green Red,Medium,Flat,145,Present,Present,Palmate,Medium,Present,71,Semi Spreading,Normal,53,Bicolor,Absent,Embedded,Absent,Bicolor,Absent,Solitary,Red,Ovate,Smooth,Blunt,Open,2.30,Sparse,Grey,6.00,31.91,White,23.30,17.50,2.70,47,Marker
Present,Light Green,Medium,Flat,184,Present,Present,Palmate,Medium,Absent,59,Semi Spreading,Normal,50,Yellow,Absent,Embedded,Absent,Cream,Absent,Solitary,Green,Ovate,Smooth,Blunt,Open,1.90,Dense,Green,6.00,34.21,Green,20.90,19.80,2.80,52,Marker
Present,Green,Medium,Flat,150,Present,Present,Palmate,Medium,Absent,60,Semi Spreading,Normal,39,Yellow,Absent,Embedded,Absent,Yellow,Absent,Solitary,Green,Ovate,Smooth,Blunt,Open,3.20,Medium,Grey,9.00,34.06,White,26.50,17.10,3.20,44,Marker
Present (Red),Green Red,Medium,Flat,187,Present,Present,Palmate,Medium,Present,65,Semi Spreading,Normal,52,Bicolor,Absent,Embedded,Absent,Bicolor,Absent,Solitary,Red,Ovate,Smooth,Pointed,Open,2.30,Sparse,Grey,7.00,30.76,White,21.50,19.30,2.70,52,Marker
Present,Light Green,Sparse,Flat,140,Absent,Absent,Palmate,Medium,Absent,NA,Semi Spreading,Normal,53,Yellow,Absent,Embedded,Absent,Yellow,Absent,Solitary,Green,Round,Smooth,Blunt,Open,2.60,Medium,Grey,7.00,33.33,NA,NA,NA,NA,NA,Marker
Present,Light Green,Sparse,Flat,134,Present,Absent,Palmate,Medium,Absent,65,Semi Spreading,Normal,55,Cream,Absent,Embedded,Absent,Cream,Absent,Solitary,Green,Ovate,Smooth,Blunt,Open,1.80,Medium,Grey,6.00,43.47,White,23.20,18.50,2.60,47,Marker
Present,Light Green,Medium - Dense,Flat,135,Present,Present (Faint),Palmate,Medium - Dense,Absent,65,Semi Spreading,Normal,56,Yellow,Absent,Embedded,Absent,Cream,Absent,Solitary,Green,Ovate,Smooth,Blunt,Open,2.20,Medium,Grey,8.00,35.85,White,25.10,20.90,3.50,50,BBR
Present (Faint Red),Light Green,Medium - Dense,Flat,124,Present,Present (Faint),Palmate,Dense,Absent,62,Semi Spreading,Normal,57,Yellow,Absent,Embedded,Absent,Yellow,Absent,Solitary,Green,Round,Smooth,Blunt,Open,2.30,Dense,White,8.00,36.31,White,22.80,18.60,2.80,52,BBR
Present,Green,Sparse,Flat,120,Present,Present (Faint),Palmate,Medium,Absent,NA,Semi Spreading,Normal,52,Cream,Absent,Embedded,Absent,Yellow,Absent,Solitary,Green,Ovate,Smooth,Blunt,Open,2.10,Dense,White,7.00,34.88,White,NA,NA,NA,NA,BBR
Present,Light Green,Sparse,Flat,189,Present,Present,Palmate,Sparse,Absent,72,Semi Spreading,Normal,52,Cream,Absent,Embedded,Absent,Cream,Absent,Solitary,Green,Ovate,Smooth,Blunt,Open,3.30,Medium,White,7.00,32.65,White,25.60,17.70,2.30,46,BBR
Present,Light Green,Sparse,Flat,179,Present,Present,Palmate,Sparse,Absent,85,Semi Spreading,Normal,52,Yellow,Absent,Embedded,Absent,Yellow,Absent,Solitary,Green,Ovate,Smooth,Blunt,Open,2.20,Medium,Grey,6.50,37.14,White,25.00,21.20,2.70,45,BBR
Present,Light Green,Medium,Flat,142,Present,Present,Palmate,Sparse,Absent,NA,Semi Spreading,Normal,48,Yellow,Absent,Embedded,Absent,Cream,Absent,Solitary,Green,Ovate,Smooth,Blunt,Open,2.80,Dense,White,7.50,33.33,White,25.20,20.40,2.40,47,BBR
Present (Dark),Green Red,Sparse,Cup,144,Present,Present,Palmate,Sparse,Present,78,Semi Spreading,Normal,53,Bicolor,Absent,Embedded,Absent,Cream,Absent,Solitary,Green Red,Ovate,Smooth,Pointed,Open,3.60,Medium,Grey,8.50,32.48,White,28.70,19.30,2.30,43,BBR
Present,Light Green,Sparse,Flat,129,Present,Absent,Palmate,Sparse,Absent,75,Semi Spreading,Normal,52,Yellow,Absent,Embedded and Exerted,Absent,Cream,Absent,Solitary,Green,Ovate,Smooth,Pointed,Open,2.30,Medium,Grey,8.00,38.18,White,25.20,21.30,2.80,49,BBR
Present,Light Green,Sparse,Flat,226,Present,Absent,Palmate,Medium,Absent,80,Semi Spreading,Normal,52,Cream,Absent,Embedded,Absent,Yellow,Absent,Solitary,Green,Ovate,Smooth,Pointed,Open,1.90,Dense,White,7.00,32.77,White,24.50,19.00,2.60,44,BBR
Present,Light Green,Dense - Sparse,Flat and Cup,160,Present,Absent,Palmate,Dense - Sparse,Absent,51,Semi Spreading,Normal,39,Yellow,Absent,Embedded and Exerted,Absent,Cream,Absent,Solitary,Green,Ovate,Smooth,Blunt,Open,2.90,Medium,Grey,9.00,37.58,White,27.40,19.80,3.60,48,BBR
Present,Green,Sparse - Medium,Flat,183,Present (Faint),Present,Palmate,Medium,Absent,90,Semi Spreading,Normal,56,Yellow,Absent,Exerted,Absent,Yellow,Absent,Solitary,Green,Ovate,Smooth,Blunt,Open,3.10,Medium,Grey,7.00,44.26,White,23.90,18.70,2.90,49,BBR
Present,Light Green,Sparse,Flat,206,Present,Present (Faint),Palmate,Sparse,Absent,75,Semi Spreading,Normal,56,Cream,Absent,Embedded,Absent,Yellow,Absent,Solitary,Green,Round,Smooth,Pointed,Open,2.80,Medium,Grey,7.50,32.76,White,25.20,25.20,2.70,48,BBR
Present,Light Green,Sparse,Flat,191,Present,Absent,Palmate,Medium,Absent,80,Semi Spreading,Normal,57,Cream,Absent,Embedded,Absent,Yellow,Absent,Solitary,Green,Ovate,Smooth,Blunt,Open,3.60,Medium,Grey,8.00,40.77,White,24.40,21.20,2.90,50,BBR
Present (Faint Red),Light Green,Dense,Cup,129,Present,Present,Palmate,Dense,Absent,52,Semi Spreading,Normal,57,Cream,Absent,Exerted,Absent,Cream,Absent,Solitary,Green,Ovate,Smooth,Pointed,Open,2.50,Medium,Grey,7.50,34.28,White,24.50,20.40,2.30,51,BBR
Present,Light Green,Sparse,Flat,192,Present,Present (Faint),Palmate,Medium,Absent,82,Semi Spreading,Normal,57,Yellow,Absent,Embedded,Absent,Cream,Absent,Solitary,Green,Ovate,Smooth,Blunt,Open,2.90,Medium,Grey,6.00,37.50,White,22.60,15.50,3.50,51,BBR
Present,Light Green,Sparse,Flat,154,Present,Present,Palmate,Medium,Absent,80,Semi Spreading,Normal,34,Yellow,Absent,Embedded,Absent,Yellow,Absent,Solitary,Green,Ovate,Smooth,Pointed,Open,2.90,Sparse,Grey,6.50,36.77,White,24.00,18.70,3.50,50,BBR
Present,Green,Sparse,Flat,130,Present,Present (Faint),Palmate,Medium,Absent,90,Semi Spreading,Normal,45,Yellow,Absent,Embedded,Absent,Cream,Absent,Solitary,Green,Round,Smooth,Blunt,Open,3.00,Medium,Grey,8.00,37.13,White,23.20,17.20,3.10,49,BBR
Present,Green,Sparse,Flat,178,Present,Present (Faint),Palmate,Medium,Absent,72,Semi Spreading,Normal,52,Yellow,Absent,Embedded,Absent,Yellow,Absent,Solitary,Green,Round,Smooth,Blunt,Open,2.50,Dense,Grey,7.50,42.59,White,25.20,17.40,2.80,50,BBR
Present,Green,Sparse,Flat,299,Present,Present,Palmate,Medium,Absent,80,Semi Spreading,Normal,50,Yellow and Cream,Absent,Embedded,Absent,Cream,Absent,Solitary,Green,Ovate,Smooth,Pointed/Blunt,Open,2.70,Medium,Grey,6.50,31.10,White,21.40,17.80,3.50,51,Variety
Present,Green,Sparse,Flat,233,Present,Present,Palmate,Sparse,Absent,68,Semi Spreading,Normal,50,Cream,Absent,Exerted,Absent,Cream,Absent,Solitary,Green,Round,Smooth,Blunt/Pointed,Open,NA,Medium,White,7.00,37.80,White,24.90,20.70,3.20,51,Variety
Present,Light Green,Sparse,Flat,252,Present,Absent,Palmate,Medium,Absent,68,Semi Spreading,Normal,52,Yellow,Absent,Exerted,Absent,Yellow,Absent,Solitary,Green,Round,Smooth,Blunt,Open,NA,Dense,Grey,8.00,35.70,White,23.50,18.60,3.00,50,Variety
Present,Light Green,Sparse,Flat,175,Present,Present,Palmate,Sparse,Absent,62,Semi Spreading,Normal,48,Yellow,Absent,Embedded,Absent,Yellow and Cream,Absent,Solitary,Green,Ovate,Smooth,Blunt/Pointed,Open,NA,Medium,Grey,7.50,40.30,White,23.30,20.30,3.30,51,Variety
Present,Light Green,Sparse,Flat,237,NA,Present,Palmate,Medium,Present,70,NA,Normal,49,Yellow,Absent,Exerted,Absent,Yellow,Absent,Solitary,Green,Round,Smooth,Blunt,Open,2.40,Medium,White,6.00,37.80,White,24.50,20.50,3.20,48,Variety
Present,Green,Sparse,Flat,194,NA,Present,Palmate,Sparse,Absent,60,NA,Normal,56,Cream,Absent,Exerted,Absent,Yellow,Absent,Solitary,Green,Round,Smooth,Blunt,Open,2.60,Sparse,Grey,6.00,39.90,White,22.80,20.20,3.50,51,Variety
Present,Light Green,Sparse,Flat,202,NA,Absent,Palmate,Medium,Absent,68,NA,Normal,44,Cream,Absent,Embedded,Absent,Cream,Absent,Solitary,Green,Round,Smooth,Blunt,Open,2.60,Medium,White,8.00,34.60,Cream,23.30,17.20,3.60,48,Variety
Present,Light Green,Sparse,Flat,182,Present,Present,Palmate,Medium,Absent,55,NA,Normal,52,Yellow,Absent,Embedded,Absent,Yellow,Absent,Solitary,Green,Ovate,Smooth,Blunt,Open,2.90,Medium,White,8.00,34.60,White,24.50,20.40,4.00,51,Variety
Present,Green,Sparse,Cup,158,NA,Present,Palmate,Medium,Absent,68,NA,Normal,50,Yellow,Absent,Embedded,Absent,Cream,Absent,Solitary,Green,Ovate,Smooth,Blunt,Open,3.70,Medium,White,8.00,41.90,White,23.30,19.70,3.70,51,Variety
Present,Light Green,Sparse,Flat,88,NA,Present,Palmate,Sparse,Absent,30,NA,Normal,45,Cream,Absent,Embedded,Absent,Cream,Absent,Solitary,Green,Ovate,Smooth,Pointed,Open,2.60,Medium,Grey,7.50,34.90,White,23.50,19.20,3.00,51,Variety
Present,Green,Sparse,Flat,241,NA,Present (Faint),Palmate,Sparse,Absent,28,NA,Normal,53,Cream,Absent,Embedded,Absent,Cream,Absent,Solitary,Green,Ovate,Smooth,Pointed,Open,2.80,Sparse,Grey,6.00,36.50,Cream,23.60,19.50,3.50,51,Variety
Present,Light Green,Sparse,Flat,218,NA,Present,Palmate,Medium,Absent,60,NA,Normal,50,Cream,Absent,Embedded,Absent,Cream,Absent,Solitary,Green,Round,Smooth,Blunt,Open,2.60,Medium,White,6.00,36.30,White,22.80,18.50,3.20,52,Variety
Present,Light Green,Sparse,Flat,204,NA,Present,Palmate,Medium,Absent,85,NA,Normal,50,Cream,Absent,Embedded,Absent,Cream,Absent,Solitary,Green,Elliptic,Pitted,Pointed,Open,2.80,Medium,White,9.50,34.40,White,23.50,19.50,4.00,53,Variety
Present,Light Green,Sparse,Flat,117,NA,Present,Palmate,Medium,Absent,56,NA,Normal,52,Cream,Absent,Exerted,Absent,Cream,Absent,Solitary,Green,Ovate,Smooth,Pointed,Open,NA,Medium,Grey,7.50,35.80,White,23.50,19.90,3.60,51,Variety
Present,Light Green,Sparse,Flat,259,NA,Present,Palmate,Medium,Absent,60,NA,Normal,48,Cream,Absent,Embedded,Absent,Cream,Absent,Solitary,Green,Ovate,Smooth,Blunt,Open,NA,Sparse,Grey,7.00,31.80,White,21.70,19.20,3.30,51,Variety
Present,Light Green,Sparse,Flat,151,NA,Present (Faint),Palmate,Medium,Absent,46,NA,Normal,50,Cream,Absent,Embedded,Absent,Cream,Absent,Solitary,Green,Ovate,Smooth,Blunt,Open,NA,Medium,Grey,6.00,32.80,White,22.20,17.90,3.00,50,Variety
Present,Light Green,Sparse,Flat,359,NA,Absent,Palmate,Sparse,Absent,64,NA,Normal,50,Cream,Absent,Exerted,Absent,Cream,Absent,Solitary,Green,Ovate,Smooth,Blunt,Open,NA,Medium,Grey,8.50,35.50,White,24.10,17.80,3.60,51,Variety
Present,Light Green,Sparse,Flat,351,NA,Present,Palmate,Medium,Absent,68,NA,Normal,53,Cream,Absent,Embedded,Absent,Cream,Absent,Solitary,Green,Ovate,Smooth,Blunt,Open,NA,Medium,Grey,7.50,34.50,White,29.30,19.70,2.80,47,Variety
Present,Light Green,Sparse,Flat,224,NA,Present,Palmate,Medium,Absent,75,NA,Normal,51,Yellow,Absent,Embedded,Absent,Cream,Absent,Solitary,Green,Ovate,Smooth,Blunt,Open,NA,Medium,White,6.50,36.40,White,23.50,18.80,3.40,50,Variety
Present,Light Green,Medium,Flat,145,NA,Present,Palmate,Medium,Absent,70,NA,Normal,43,Cream,Absent,Embedded,Absent,Cream,Absent,Solitary,Green,Ovate,Smooth,Blunt,Open,3.80,Dense,White,8.50,34.50,White,24.90,21.70,4.30,51,Variety
Present,Green,Sparse,Flat,213,NA,Present,Palmate,Medium,Absent,58,NA,Normal,45,Yellow,Absent,Embedded,Absent,Cream,Absent,Solitary,Green,Ovate,Smooth,Pointed,Open,3.30,Medium,Grey,6.50,40.30,White,26.00,18.20,3.50,49,Variety
Present,Light Green,Sparse,Flat,122,NA,Present,Palmate,Medium,Absent,55,NA,Normal,48,Yellow,Absent,Embedded,Absent,Cream,Absent,Solitary,Green,Ovate,Smooth,Blunt,Open,3.10,Medium,White,7.50,34.20,White,26.10,20.40,3.20,46,Variety
Present,Light Green,Medium,Flat,217,NA,Present,Palmate,Medium,Absent,52,NA,Normal,56,Yellow,Absent,Exerted,Absent,Cream,Absent,Solitary,Green,Ovate,Smooth,Pointed,Open,2.70,Medium,Grey,7.50,36.40,White,25.50,20.40,3.20,47,Variety
Present,Light Green,Sparse,Flat,126,NA,Present,Palmate,Sparse,Absent,50,NA,Normal,56,Yellow,Absent,Exerted,Absent,Cream,Absent,Solitary,Green,Ovate,Smooth,Pointed,Open,2.80,Medium,White,6.50,33.40,Cream,25.50,21.40,3.20,49,Variety
Present,Green,Medium,Flat,247,NA,Present,Palmate,Medium,Absent,NA,NA,Normal,41,Cream,Absent,Embedded,Absent,Cream,Absent,Solitary,Green,Ovate,Smooth,Blunt,Open,3.50,Medium,Grey,8.50,38.10,Cream,23.60,18.80,4.30,54,Variety
Present,Light Green,Sparse,Flat,93,NA,Present,Palmate,Medium,Absent,70,NA,Normal,56,Cream,Absent,Exerted,Absent,Cream,Absent,Solitary,Green,Ovate,Smooth,Pointed/Blunt,Open,2.70,Medium,White,9.00,37.60,White,22.90,19.20,3.20,51,Variety
Present,Light Green,Sparse,Cup,161,NA,Present,Palmate,Medium,Absent,58,NA,Normal,52,Yellow,Absent,Embedded,Absent,Cream,Absent,Solitary,Green,Ovate,Smooth,Blunt,Open,3.30,Sparse,Grey,7.00,34.50,White,25.00,18.60,3.20,50,Variety
Present,Light Green,Sparse,Flat,214,NA,Present,Palmate,Sparse,Absent,65,NA,Normal,41,Cream,Absent,Embedded,Absent,Yellow,Absent,Solitary,Green,Ovate,Smooth,Blunt,Open,NA,Dense,Grey,8.50,35.50,White,24.10,18.50,3.50,52,Variety
Present,Light Green,Sparse,Flat,169,NA,Present,Palmate,Sparse,Absent,62,NA,Normal,56,Cream,Absent,Embedded,Absent,Cream,Absent,Solitary,Green,Elliptic,Smooth,Blunt,Open,NA,Dense,Brown,10.00,30.90,Brown,26.90,21.30,3.10,51,Variety
Present,Light Green,Sparse,Flat,178,NA,Present,Palmate,Medium,Absent,56,NA,Normal,NA,Cream,Absent,Embedded,Absent,Yellow,Absent,Solitary,Green,Ovate,Smooth,Pointed,Open,NA,Dense,White,9.50,31.70,Cream,31.70,21.40,2.60,45,Variety
Present,Light Green,Sparse,Flat,180,NA,Present (Faint),Palmate,Sparse,Present,65,NA,Normal,NA,Yellow,Absent,Embedded,Absent,Yellow,Absent,Solitary,Green,Ovate,Smooth,Pointed,Open,NA,Dense,Grey,8.00,31.40,White,33.20,20.10,2.70,43,Variety
Present,Light Green,Sparse,Flat,273,NA,Present,Palmate,Sparse,Absent,64,NA,Normal,43,Cream,Absent,Embedded,Absent,Cream,Absent,Solitary,Green,Ovate,Smooth,Blunt,Open,1.40,Medium,White,5.50,36.50,White,23.10,20.00,3.10,51,Variety
Present,Light Green,Sparse,Flat,213,NA,Present,Palmate,Sparse,Absent,64,NA,Normal,50,Yellow,Absent,Embedded,Absent,Yellow,Absent,Solitary,Green,Ovate,Smooth,Blunt,Open,2.50,Medium,Grey,7.50,37.20,White,27.50,20.60,2.80,45,Variety
Present,Light Green,Sparse,Flat,227,NA,Present,Palmate,Sparse - Medium,Absent,58,NA,Normal,37,Cream,Absent,Embedded,Absent,Yellow,Absent,Solitary,Green,Ovate,Smooth,Blunt,Open,2.80,Medium,Grey,6.50,35.00,White,25.40,21.90,3.30,49,Variety
Present,Light Green,Sparse,Flat,283,NA,Present,Palmate,Sparse,Absent,58,NA,Normal,34,Yellow,Absent,Embedded,Absent,Yellow,Absent,Solitary,Green,Ovate,Smooth,Pointed,Open,2.20,Medium,Grey,6.50,37.80,White,22.60,19.20,3.10,49,Variety
Present,Light Green,Sparse,Flat,231,NA,Present,Palmate,Sparse,Absent,65,NA,Normal,35,Cream,Absent,Embedded,Absent,Cream,Absent,Solitary,Green,Ovate,Smooth,Pointed,Open,2.60,Medium,Grey,7.00,33.10,White,23.70,21.00,3.80,52,Variety
Present,Light Green,Sparse,Flat,222,NA,Present,Palmate,Sparse,Present,64,NA,Normal,56,Cream,Absent,Embedded,Absent,Yellow,Absent,Solitary,Green,Round,Smooth,Pointed,Open,2.70,Dense,White,9.00,31.60,White,28.30,20.50,2.70,45,Variety
Present,Light Green,Medium,Cup,132,NA,Absent,Palmate,Medium,Absent,58,NA,Normal,57,Yellow,Absent,Exerted,Absent,Cream,Absent,Solitary,Green,Ovate,Smooth,Pointed,Open,3.20,Dense,White,9.00,34.70,White,27.20,22.80,3.60,48,Variety
Present,Light Green,Sparse,Flat,143,NA,Present,Palmate,Sparse,Absent,55,NA,Normal,39,Yellow,Absent,Embedded,Absent,Cream,Absent,Solitary,Green,Round,Smooth,Pointed,Open,3.10,Medium,Grey,8.00,37.10,White,24.90,21.20,3.20,51,Variety
Present,Light Green,Sparse,Flat,301,NA,Present,Palmate,Sparse,Absent,64,NA,Normal,48,Cream,Absent,Embedded,Absent,Cream,Absent,Solitary,Green,Round,Smooth,Blunt,Open,3.80,Dense,White,7.50,26.60,White,24.50,21.50,3.10,48,Variety
Present,Light Green,Sparse,Flat,196,NA,Present,Palmate,Sparse,Absent,74,NA,Normal,48,Yellow,Absent,Embedded,Absent,Yellow,Absent,Solitary,Green,Ovate,Smooth,Pointed,Open,3.10,Medium,Grey,7.00,35.90,White,22.10,20.70,3.50,50,Variety
Present,Light Green,Sparse,Flat,227,NA,Present,Palmate,Sparse,Absent,60,NA,Normal,56,Cream,Absent,Embedded,Absent,Cream,Absent,Solitary,Green,Ovate/Round,Smooth,Blunt,Open,2.10,Medium,Grey,6.50,34.40,White,22.80,20.80,3.80,53,Variety
Present,Light Green,Sparse,Flat,209,NA,Absent,Palmate,Sparse,Absent,66,NA,Normal,46,Yellow,Absent,Embedded,Absent,Yellow,Absent,Solitary,Green,Ovate,Smooth,Blunt,Open,2.70,Sparse,Grey,6.50,37.50,White,22.80,19.10,4.00,52,Variety
Present (Red),Dark Red,Sparse,Flat,213,NA,Present (Dark),Palmate,Sparse,Present,64,NA,Normal,50,Yellow and Pink,Absent,Embedded,Absent,Cream and Pink,Absent,Solitary,Red,Ovate,Smooth,Blunt,Open,2.40,Medium,White,6.50,31.30,White,21.10,18.30,3.20,52,Variety
Present,Light Green,Sparse,Flat,177,NA,Present,Semi Digitate,Sparse,Absent,50,NA,Normal,50,Cream,Absent,Embedded,Absent,Yellow,Absent,Solitary,Green,Round,Smooth,Pointed,Open,1.80,Medium,White,8.00,30.40,Cream,25.60,21.40,3.30,47,Variety
Present,Light Green,Sparse,Flat,181,NA,Present (Faint),Palmate,Sparse,Absent,74,NA,Normal,50,Cream,Absent,Embedded,Absent,Yellow,Absent,Solitary,Green,Round,Smooth,Pointed/Blunt,Open,2.60,Medium,Grey,6.50,38.10,White,25.10,21.20,2.80,49,Variety
Present,Light Green,Sparse,Flat,178,NA,Present,Palmate,Medium,Absent,72,NA,Normal,49,Cream,Absent,Embedded,Absent,Cream,Absent,Solitary,Green,Round,Smooth,Blunt,Open,NA,Medium,Grey,7.00,34.60,Cream,23.80,20.80,3.30,49,Variety
Present,Light Green,Sparse,Flat,268,NA,Present,Palmate,Medium,Absent,60,NA,Normal,56,Cream,Absent,Embedded,Absent,Cream,Absent,Solitary,Green,Ovate,Smooth,Blunt,Open,2.30,Medium,Grey,6.50,33.10,White,21.60,19.40,3.20,52,Variety
Present,Light Green,Sparse,Flat,134,NA,Present,Palmate,Sparse - Medium,Absent,50,NA,Normal,53,Cream,Absent,Embedded,Absent,Cream,Absent,Solitary,Green,Ovate/Round,Smooth,Blunt,Open,3.20,Dense,White,8.50,32.40,White,25.50,20.10,2.90,47,Variety
Present,Light Green,Sparse,Cup,198,NA,Present,Palmate,Sparse,Absent,52,NA,Normal,49,Yellow,Absent,Embedded,Absent,Yellow,Absent,Solitary,Green,Ovate,Smooth,Blunt,Open,2.80,Sparse,Grey,7.00,38.80,White,27.20,22.10,3.00,49,Variety
Present,Light Green,Medium,Flat,166,NA,Present,Digitate and Semi Digitate,Medium,Absent,58,NA,Normal,53,Cream,Absent,Embedded,Absent,Cream,Absent,Solitary,Green,Round,Smooth,Pointed,Open,2.20,Sparse,Grey,6.50,28.50,White,24.10,19.10,3.10,48,Variety
Present,Light Green,Sparse,Flat,141,NA,Present,Palmate,Sparse,Absent,77,NA,Normal,53,Yellow,Absent,Exerted,Absent,Cream,Absent,Solitary,Green,Round,Smooth,Pointed/Blunt,Open,3.10,Medium,Green,9.50,35.80,White,25.70,21.50,2.90,49,Variety
Present,Light Green,Sparse,Flat,239,NA,Absent,Palmate,Sparse,Absent,68,NA,Normal,52,Cream,Absent,Embedded,Absent,Cream,Absent,Solitary,Green,Round,Smooth,Blunt,Open,3.20,Medium,Grey,7.00,33.30,White,22.70,19.30,2.80,52,Variety
Present,Light Green,Sparse,Flat,292,NA,Present,Palmate,Medium,Present,95,NA,Normal,56,Cream,Absent,Exerted,Absent,Yellow,Absent,Solitary,Green,Ovate,Smooth,Blunt,Open,3.10,Medium,Grey,8.00,34.80,White,22.30,20.80,3.00,51,Variety
Present,Light Green,Sparse,Flat,217,NA,Present,Palmate,Sparse,Absent,70,NA,Normal,53,Cream,Absent,Embedded,Absent,Cream,Absent,Solitary,Green,Ovate,Smooth,Blunt,Open,2.10,Medium,Grey,7.50,31.90,White,23.30,20.40,4.00,50,Variety
Present,Light Green,Sparse,Flat,123,NA,Present,Palmate,Medium,Absent,NA,NA,Normal,NA,Yellow,Absent,Exerted,Absent,Yellow,Absent,Solitary,Green,Ovate,Smooth,Pointed,Open,NA,NA,NA,NA,NA,NA,NA,NA,NA,NA,Okra
NA,Light Green,Sparse,Flat,133,NA,Present,Digitate,Sparse,Absent,NA,NA,Normal,NA,Cream,Absent,Embedded,Absent,Cream,Absent,Solitary,Green,Ovate,Smooth,Blunt/Pointed,Open,NA,NA,NA,NA,NA,NA,NA,NA,NA,NA,Okra
NA,Light Green,Sparse,Flat,170,NA,Present,Semi Digitate,Sparse,Absent,NA,NA,Normal,NA,Cream,Absent,Embedded,Absent,Cream,Absent,Solitary,Green,Ovate,Smooth,Pointed,Open,NA,NA,NA,NA,NA,NA,NA,NA,NA,NA,Okra
NA,Light Green,Sparse,Flat,207,NA,Present,Semi Digitate,Medium,Absent,NA,NA,Normal,NA,Yellow,Absent,Embedded,Absent,Cream,Absent,Solitary,Green,Ovate,Smooth,Pointed,Open,NA,NA,NA,NA,NA,NA,NA,NA,NA,NA,Okra
NA,Light Green,Sparse,Flat,123,NA,Present,Super Digitate,Medium,Absent,NA,NA,Normal,NA,Cream,Absent,Embedded,Absent,Cream,Absent,Solitary,Green,Round,Smooth,Blunt,Open,NA,NA,NA,NA,NA,NA,NA,NA,NA,NA,Okra
NA,Light Green,Medium,Flat,141,NA,Present,Semi Digitate,Medium,Absent,NA,NA,Normal,NA,Yellow,Absent,Embedded,Absent,Cream,Absent,Solitary,Green,Round,Smooth,Blunt,Open,NA,NA,NA,NA,NA,NA,NA,NA,NA,NA,Okra
NA,Light Green,Sparse,Flat,136,NA,Present,Palmate,Sparse,Absent,NA,NA,Normal,NA,Cream,Absent,Exerted,Absent,Cream,Absent,Solitary,Green,Ovate,Smooth,Blunt/Pointed,Open,NA,NA,NA,NA,NA,NA,NA,NA,NA,NA,New
NA,Light Green,Sparse,Flat,190,NA,Present,Palmate,Sparse,Absent,NA,NA,Normal,NA,Cream,Absent,Embedded,Absent,Cream,Absent,Solitary,Green,Round,Smooth,Blunt/Pointed,Open,NA,NA,NA,NA,NA,NA,NA,NA,NA,NA,New
NA,Light Green,Sparse,Flat,170,NA,Present,Palmate,Medium,Absent,NA,NA,Normal,NA,Cream,Absent,Embedded,Absent,Cream,Absent,Solitary,Green,Ovate,Smooth,Blunt,Open,NA,NA,NA,NA,NA,NA,NA,NA,NA,NA,New
NA,Light Green,Sparse,Flat,238,NA,Present,Palmate,Medium,Absent,NA,NA,Normal,NA,Cream,Absent,Embedded,Absent,Cream,Absent,Solitary,Green,Ovate,Smooth,Pointed,Open,NA,NA,NA,NA,NA,NA,NA,NA,NA,NA,New
NA,Light Green,Sparse,Flat,179,NA,Present,Palmate,Medium,Absent,NA,NA,Normal,NA,Cream,Absent,Embedded,Absent,Cream,Absent,Solitary,Green,Ovate,Smooth,Blunt,Open,NA,NA,NA,NA,NA,NA,NA,NA,NA,NA,New
NA,Light Green,Sparse,Flat,189,NA,Present,Palmate,Medium,Absent,NA,NA,Normal,NA,Cream,Absent,Embedded,Absent,Cream,Absent,Solitary,Green,Round,Smooth,Pointed,Open,NA,NA,NA,NA,NA,NA,NA,NA,NA,NA,New
NA,Light Green,Sparse,Flat,208,NA,Present,Palmate,Sparse,Absent,NA,NA,Normal,NA,Cream,Absent,Embedded,Present,Cream,Absent,Solitary,Green,Ovate,Smooth,Blunt,Open,NA,NA,NA,NA,NA,NA,NA,NA,NA,NA,New
NA,Light Green,Sparse,Flat,243,NA,Present,Palmate,Medium,Absent,NA,NA,Normal,NA,Cream,Absent,Exerted,Absent,Cream,Absent,Solitary,Green,Ovate,Smooth,Blunt/Pointed,Open,NA,NA,NA,NA,NA,NA,NA,NA,NA,NA,New
Present (Red),Light Red,Medium,Flat,148,NA,Present,Palmate,Medium,Present,NA,NA,Normal,NA,Cream and Pink,Absent,Embedded,Present,Cream and Pink,Absent,Solitary,Red,Ovate,Smooth,Blunt,Open,NA,NA,NA,NA,NA,NA,NA,NA,NA,NA,New
NA,Light Green,Medium,Cup,151,NA,Present,Palmate,Medium,Absent,NA,NA,Normal,NA,Yellow,Absent,Embedded,Absent,Yellow,Absent,Solitary,Green,Ovate,Smooth,Blunt,Open,NA,NA,NA,NA,NA,NA,NA,NA,NA,NA,New
NA,Light Green,Sparse,Flat,159,NA,Present,Palmate,Medium,Absent,NA,NA,Normal,NA,Cream,Absent,Embedded,Present,Cream,Absent,Solitary,Green,Ovate,Smooth,Blunt,Open,NA,NA,NA,NA,NA,NA,NA,NA,NA,NA,New
NA,Light Green,Medium,Flat,112,NA,Present,Palmate,Medium,Absent,NA,NA,Normal,NA,Cream,Absent,Exerted,Absent,Cream,Absent,Solitary,Green,Ovate,Smooth,Pointed,Open,NA,NA,NA,NA,NA,NA,NA,NA,NA,NA,New
NA,Light Green,Sparse,Flat,181,NA,Absent,Palmate,Sparse,Absent,NA,NA,Normal,NA,Yellow,Absent,Embedded,Present,Yellow,Absent,Solitary,Green,Ovate,Smooth,Blunt,Open,NA,NA,NA,NA,NA,NA,NA,NA,NA,NA,New
NA,Light Green,Sparse,Flat,169,NA,Present,Palmate,Medium,Absent,NA,NA,Normal,NA,Cream,Absent,Embedded,Present,Cream,Absent,Solitary,Green,Ovate,Smooth,Pointed,Open,NA,NA,NA,NA,NA,NA,NA,NA,NA,NA,New
NA,Light Green,Sparse,Flat,202,NA,Present,Palmate,Sparse,Absent,NA,NA,Normal,NA,Cream,Absent,Exerted,Absent,Cream,Absent,Solitary,Green,Elliptic,Smooth,Blunt,Open,NA,NA,NA,NA,NA,NA,NA,NA,NA,NA,New
NA,Light Green,Sparse,Flat,126,NA,Present,Lanceolate,Sparse,Absent,NA,NA,Normal,NA,Cream,Absent,Embedded,Absent,Cream,Absent,Solitary,Green,Round,Smooth,Blunt,Open,NA,NA,NA,NA,NA,NA,NA,NA,NA,NA,New
NA,Light Green,Sparse,Flat,142,NA,Present,Digitate,Sparse,Absent,NA,NA,Normal,NA,Yellow,Absent,Embedded,Absent,Cream,Absent,Solitary,Green,Ovate,Smooth,Pointed,Open,NA,NA,NA,NA,NA,NA,NA,NA,NA,NA,New
Present,Light Green,Medium,Flat,126,NA,Present,Digitate,Medium,Absent,NA,NA,Normal,NA,Yellow,Absent,Embedded,Absent,Cream,Absent,Solitary,Green,Ovate,Pitted,Pointed,Open,NA,NA,NA,NA,NA,NA,NA,NA,NA,NA,New
Present,Light Green,Sparse,Flat,176,Present,Present,Palmate,Medium,Absent,71,Semi Spreading,Normal,52,Cream,Absent,Exerted,Absent,Yellow,Absent,Solitary,Green,Round,Smooth,Pointed,Open,3.90,Dense,Grey,7.50,36.78,White,25.40,19.60,3.20,48,JBWR
Present,Light Green,Sparse,Flat,218,Present,Present,Palmate,Medium,Absent,74,Semi Spreading,Normal,53,Cream,Absent,Embedded,Absent,Cream,Absent,Solitary,Green,Ovate,Smooth,Blunt,Open,3.80,Dense,Grey,8.00,35.38,White,26.20,20.90,3.30,51,JBWR
Present,Light Green,Sparse,Flat,152,Present,Present,Palmate,Sparse,Absent,65,Semi Spreading,Normal,52,Yellow,Absent,Exerted,Absent,Cream,Absent,Solitary,Green,Round,Smooth,Blunt,Open,3.20,Medium,Grey,7.50,38.08,White,24.10,19.90,2.50,48,JBWR
Present,Light Green,Sparse,Flat,164,Present,Present (Faint),Palmate,Medium,Absent,75,Semi Spreading,Normal,49,Yellow,Absent,Embedded,Absent,Cream,Absent,Solitary,Green,Ovate,Smooth,Blunt,Open,2.10,Sparse,Grey,6.00,34.00,White,24.40,19.70,2.60,49,JBWR
Present,Green,Medium,Flat,185,Present,Present (Faint),Palmate,Medium,Absent,66,Semi Spreading,Normal,56,Yellow,Absent,Embedded,Absent,Cream,Absent,Solitary,Green,Ovate,Smooth,Blunt,Open,2.60,Medium,Grey,8.00,40.28,White,24.20,20.40,3.60,50,JBWR
Present,Green,Medium,Flat,217,Present,Present (Faint),Palmate,Medium,Absent,75,Semi Spreading,Normal,52,Yellow,Absent,Embedded,Absent,Yellow and Cream,Absent,Solitary,Green,Ovate,Smooth,Blunt,Open,2.20,Medium,Grey,7.50,40.14,White,23.50,20.60,3.40,50,JBWR
Present,Light Green,Sparse,Flat,130,Present,Present (Faint),Palmate,Medium,Absent,52,Semi Spreading,Normal,49,Cream,Absent,Exerted,Absent,Yellow,Absent,Solitary,Green,Round,Smooth,Blunt,Open,3.10,Dense,White,7.00,40.00,White,23.30,19.70,3.50,50,JBWR
Present,Light Green,Sparse,Flat,241,Present,Present (Faint),NA,Sparse,Absent,75,Semi Spreading,Normal,34,Yellow,Absent,Embedded,Absent,Cream,Absent,Solitary,Green,Round,Smooth,Pointed,Open,2.50,Medium,Grey,7.00,39.15,White,25.50,20.00,2.70,49,JBWR
Present,Light Green,Sparse,Flat,149,Present,Present (Faint),Palmate,Medium,Absent,NA,Semi Spreading,Normal,56,Cream,Absent,Embedded,Absent,Cream,Absent,Solitary,Green,Round,Smooth,Pointed,Open,1.90,Sparse,Grey,5.50,51.75,White,19.90,18.00,3.20,55,JBWR
Present,Green,Sparse,Flat,162,Present,Present (Faint),Palmate,Sparse,Absent,67,Semi Spreading,Normal,47,Cream,Absent,Embedded,Absent,Cream,Absent,Solitary,Green,Ovate,Smooth,Pointed,Open,3.10,Medium,Grey,7.00,34.25,White,25.40,21.20,2.70,49,JBWR
Present,Green,Medium,Flat,201,Present,Present (Deep),Palmate,Medium,Present (Faint),75,Semi Spreading,Normal,49,Cream,Absent,Embedded,Absent,Yellow,Absent,Solitary,Green,Ovate,Smooth,Pointed,Open,3.20,Medium,Grey,7.00,37.93,White,24.70,21.20,3.10,50,JBWR
Present,Light Green,Medium,Flat,190,Present,Present (Faint),Palmate,Medium,Absent,90,Semi Spreading,Normal,49,Cream,Absent,Embedded,Absent,Yellow,Absent,Solitary,Green,Ovate,Smooth,Pointed,Open,2.80,Medium,Grey,7.50,37.39,White,24.50,18.90,3.40,52,JBWR
Present,Light Green,Sparse,Flat,228,Present,Present (Faint),Palmate,Sparse,Absent,70,Semi Spreading,Normal,52,Cream,Absent,Embedded,Absent,Yellow,Absent,Solitary,Green,Ovate,Smooth,Blunt,Open,2.90,Medium,Grey,8.50,36.30,White,25.10,19.30,2.70,47,JBWR
Present,Green,Sparse,Flat,143,Present,Present (Faint),Palmate,Sparse,Absent,65,Semi Spreading,Normal,49,Cream,Absent,Embedded,Absent,Yellow,Absent,Solitary,Green,Round,Smooth,Pointed,Open,3.70,Medium,Grey,7.50,36.90,White,27.40,20.70,2.70,46,JBWR
Present,Light Green,Sparse,Flat,142,Present,Present (Faint),Palmate,Sparse,Absent,55,Semi Spreading,Normal,NA,Yellow,Absent,Embedded,Absent,Cream,Absent,Solitary,Green,Ovate,Smooth,Pointed,Open,3.10,Medium,Grey,8.00,34.57,White,24.50,20.50,2.70,48,JBWR
Present,Green,Sparse,Flat,158,Present,Present (Faint),Palmate,Sparse,Absent,62,Semi Spreading,Normal,NA,Yellow and Cream,Absent,Embedded and Exerted,Absent,Cream,Absent,Solitary,Green,Ovate,Smooth,Pointed,Open,2.60,Medium,Grey,7.50,39.81,White,25.50,21.10,3.50,48,JBWR
Present,Light Green,Sparse,Flat,131,Present,Absent,Palmate,Sparse,Absent,66,Semi Spreading,Normal,NA,Cream,Absent,Embedded,Absent,Cream,Absent,Solitary,Green,Round,Smooth,Pointed,Open,2.30,Medium,Grey,7.00,35.90,White,28.10,22.40,2.70,46,JBWR
Present,Light Green,Sparse,Flat,212,Present,Absent,Palmate,Sparse,Absent,85,Semi Spreading,Normal,NA,Cream,Absent,Embedded,Absent,Yellow,Absent,Solitary,Green,Ovate,Smooth,Blunt,Open,2.40,Medium,Grey,6.50,37.80,White,28.00,19.30,2.60,44,JBWR
Present,Light Green,Sparse,Flat,160,Present,Present (Faint),Palmate,Medium,Absent,83,Semi Spreading,Normal,NA,Yellow,Absent,Exerted,Absent,Yellow,Absent,Solitary,Green,Round,Smooth,Pointed,Open,2.30,Medium,Grey,8.00,37.82,White,25.60,19.00,3.40,47,JBWR
Present,Light Green,Sparse,Cup,227,Present,Present (Faint),Palmate,Sparse,Absent,80,Semi Spreading,Normal,NA,Yellow,Absent,Exerted,Absent,Yellow,Absent,Solitary,Green,Ovate,Smooth,Pointed,Open,2.80,Medium,Grey,7.50,40.20,White,24.70,19.50,3.20,50,JBWR
Present,Green,Sparse,Flat,159,Present,Present (Faint),Palmate,Sparse,Absent,68,Semi Spreading,Normal,NA,Yellow,Absent,Embedded,Absent,Yellow,Absent,Solitary,Green,Round,Smooth,Pointed,Open,3.10,Medium,Grey,8.00,34.50,White,27.10,21.80,2.90,47,JBWR
Present,Light Green,Sparse,Flat,220,Present,Absent,Palmate,Sparse,Absent,68,Semi Spreading,Normal,NA,Yellow,Absent,Embedded,Absent,Cream,Absent,Solitary,Green,Round,Smooth,Pointed,Open,2.60,Medium,Grey,7.50,33.50,White,25.10,18.40,4.10,49,JBWR
Present,Light Green,Sparse,Flat,108,Present,Absent,Palmate,Sparse,Absent,NA,Semi Spreading,Normal,NA,Yellow,Absent,Embedded,Absent,Cream,Absent,Solitary,Green,Ovate,Smooth,Pointed,Open,2.70,Medium,White,7.50,33.80,White,NA,NA,NA,NA,JBWR
Present,Light Green,Sparse,Flat,118,Present,Absent,Palmate,Sparse,Absent,75,Semi Spreading,Normal,NA,Yellow,Absent,Embedded,Absent,Cream,Absent,Solitary,Green,Ovate,Smooth,Pointed,Open,3.20,Medium,Grey,7.50,39.10,White,25.00,21.20,3.10,50,JBWR
Present,Light Green,Sparse,Flat,171,Present,Absent,Palmate,Sparse,Absent,68,Semi Spreading,Normal,NA,Cream,Absent,Embedded,Absent,Yellow,Absent,Solitary,Green,Ovate,Smooth,Pointed,Open,3.40,Medium,Grey,6.50,35.50,White,26.20,19.50,2.70,48,JBWR
Present,Green,Sparse,Flat,208,Present,Absent,Palmate,Sparse,Absent,42,Semi Spreading,Normal,NA,Yellow,Absent,Embedded,Absent,Cream,Absent,Solitary,Green,Ovate,Smooth,Pointed,Open,1.80,Dense,White,10.00,31.40,White,29.60,21.20,2.70,42,JBWR
Present,Light Green,Sparse,Flat,158,Present,Present,Palmate,Sparse,NA,54,Semi Spreading,Normal,NA,Yellow,Absent,Embedded,Absent,Cream,Absent,Solitary,Green,Ovate,Smooth,Pointed,Open,1.40,Medium,White,6.00,36.00,White,23.30,20.70,2.70,52,JBWR
Present,Green,Dense,Cup,260,Present,Present,Palmate,Dense,Absent,60,Semi Spreading,Normal,41,Cream,Absent,Exerted,Absent,Cream,Absent,Solitary,Green,Ovate,Smooth,Pointed,Open,3.60,Medium,Grey,8.00,37.50,White,25.70,20.10,2.90,50,JBWR
Present,Light Green,Sparse,Flat,105,Present,Absent,Palmate,Medium,Absent,55,Semi Spreading,Normal,56,Yellow,Absent,Embedded,Absent,Cream,Absent,Solitary,Green,Round,Smooth,Blunt,Open,2.20,Medium,Grey,7.00,39.40,White,21.50,19.30,4.10,50,JBWR
Present,Light Green,Medium,Flat,238,Present,Present (Faint),Palmate,Medium,Absent,68,Semi Spreading,Normal,48,Yellow,Absent,Embedded,Absent,Cream,Absent,Solitary,Green,Ovate,Smooth,Blunt,Open,3.40,Medium,Grey,8.00,36.20,White,24.50,19.70,3.30,49,JBWR
Present,Light Green,Sparse,Flat,201,Present,Present,Palmate,Sparse,Absent,72,Semi Spreading,Normal,53,Yellow,Absent,Embedded,Absent,Cream,Absent,Solitary,Green,Ovate,Smooth,Blunt,Open,2.60,Medium,White,6.50,35.40,White,21.30,20.30,3.70,52,JBWR
Present,Light Green,Sparse,Flat,184,Present,Present (Faint),Palmate,Sparse,Absent,NA,Semi Spreading,Normal,40,Cream,Absent,Embedded,Absent,Cream,Absent,Solitary,Green,Ovate,Smooth,Pointed,Open,3.50,Medium,White,9.00,33.00,White,27.40,21.30,4.60,49,JBWR
Present,Light Green,Sparse,Flat,163,Present,Present (Faint),Palmate,Sparse,Absent,NA,Semi Spreading,Normal,53,Yellow,Absent,Embedded,Absent,Cream,Absent,Solitary,Green,Round,Smooth,Pointed/Blunt,Open,2.60,Medium,Grey,7.00,36.60,White,26.20,19.60,3.10,47,JBWR
Present,Green,Medium,Cup,142,Present,Present,Palmate,Medium,Absent,NA,Semi Spreading,Normal,52,Yellow,Absent,Embedded,Present,Cream,Absent,Solitary,Green,Ovate/Round,Smooth/Pointed,Pointed,Open,3.70,Medium,Grey,8.00,32.40,White,25.50,17.40,4.00,47,JBWR
Present,Light Green,Sparse,Flat,196,Present,Present (Faint),Palmate,Medium,Absent,66,Semi Spreading,Normal,45,Yellow,Absent,Exerted,Absent,Cream,Absent,Solitary,Green,Ovate,Smooth,Pointed,Open,3.20,Medium,White,8.50,41.90,White,24.40,21.30,3.50,51,JBWR
Present,Light Green,Sparse,Flat,162,Present,Absent,Palmate,Sparse,Absent,55,Semi Spreading,Normal,40,Cream,Absent,Embedded,Absent,Cream,Absent,Solitary,Green,Ovate,Smooth,Pointed,Open,2.80,Sparse,Grey,8.50,36.60,White,26.60,21.20,2.90,46,JBWR
Present,Light Green,Sparse,Flat,173,Present,Present (Good),Palmate,Medium,Absent,61,Semi Spreading,Normal,52,Cream,Absent,Exerted,Absent,Cream,Absent,Solitary,Green,Ovate,Smooth,Pointed,Open,3.30,Medium,White,7.50,31.30,White,23.80,21.40,3.10,50,JBWR
Present,Light Green,Medium,Flat,120,Present,Present (Faint),Palmate,Medium,Absent,86,Semi Spreading,Normal,55,Yellow,Absent,Embedded,Absent,Cream,Absent,Solitary,Green,Ovate,Smooth,Blunt,Open,2.40,Medium,Grey,8.00,39.00,White,23.10,18.50,3.20,49,JBWR
Present,Light Green,Medium,Flat,NA,Present,Present (Faint),Palmate,Medium,Absent,88,Semi Spreading,Normal,56,Cream,Absent,Embedded,Absent,Cream,Absent,Solitary,Green,Round,Smooth,Pointed,Open,2.30,Medium,White,6.50,34.80,White,25.40,20.20,3.10,46,JBWR
Present,Light Green,Medium,Flat,165,Present,Present (Faint),Palmate,Medium,Absent,82,Semi Spreading,Normal,53,Yellow,Absent,Embedded,Absent,Cream,Absent,Solitary,Green,Ovate,Smooth,Pointed,Open,3.10,Medium,Grey,8.50,30.30,White,24.50,21.60,3.20,48,JBWR
Present,Light Green,Medium,Flat,122,Present,Present (Faint),Palmate,Medium,Absent,70,Semi Spreading,Normal,48,Yellow,Absent,Embedded,Absent,Cream,Absent,Solitary,Green,Ovate,Smooth,Blunt/Pointed,Open,3.10,Medium,Grey,8.50,33.20,White,25.40,18.30,3.80,48,JBWR
Present,Light Green,Medium,Flat,181,Present,Present (Faint),Palmate,Medium,Absent,82,Semi Spreading,Normal,45,Yellow,Absent,Embedded,Absent,Cream,Absent,Solitary,Green,Ovate,Smooth,Blunt,Open,2.10,Medium,White,7.00,34.30,White,25.90,22.20,2.60,49,JBWR
Present,Light Green,Medium,Flat,91,Present,Present (Faint),Palmate,Medium,Absent,80,Semi Spreading,Normal,48,Yellow,Absent,Exerted,Absent,Cream,Absent,Solitary,Green,Ovate,Smooth,Blunt,Open,2.30,Medium,Grey,7.00,33.30,White,24.80,21.60,4.20,52,JBWR
Present,Light Green,Sparse,Flat,178,Present,Absent,Palmate,Sparse,Absent,65,Semi Spreading,Normal,45,Yellow,Absent,Embedded,Absent,Cream,Absent,Solitary,Green,Round,Smooth,Blunt/Pointed,Open,2.50,Medium,Brown,8.00,37.30,Brown,25.00,18.50,3.30,46,JBWR
Present,Light Green,Medium,Flat,227,Present,Absent,Palmate,Medium,Absent,75,Semi Spreading,Normal,34,Yellow,Absent,Embedded,Absent,Cream,Absent,Solitary,Green,Round,Smooth,Blunt,Open,2.70,Medium,White,7.50,36.50,White,21.60,18.60,3.80,51,JBWR
Present,Light Green,Sparse,Flat,113,Present,Absent,Palmate,Medium,Absent,75,Semi Spreading,Normal,49,Yellow,Absent,Embedded,Absent,Cream,Absent,Solitary,Green,Ovate,Smooth,Pointed,Open,2.60,Medium,Grey,6.50,34.20,White,24.00,19.50,4.30,49,JBWR
Present,Light Green,Sparse,Flat,210,Present,Absent,Palmate,Sparse,Absent,83,Semi Spreading,Normal,49,Yellow,Absent,Embedded,Absent,Cream,Absent,Solitary,Green,Ovate,Smooth,Blunt/Pointed,Open,2.40,Medium,Grey,6.50,35.80,White,23.70,19.50,4.10,51,JBWR
Present,Light Green,Sparse,Flat,123,Present,Present (Faint),Palmate,Sparse,Absent,75,Semi Spreading,Normal,34,Cream,Absent,Embedded,Absent,Cream,Absent,Solitary,Green,Ovate/Round,Smooth,Blunt/Pointed,Open,3.30,Dense,White,9.50,32.30,White,27.00,20.70,3.40,47,JBWR
Present,Light Green,Medium,Flat,138,Present,Absent,Palmate,Medium,Absent,88,Semi Spreading,Normal,49,Yellow,Absent,Embedded,Absent,Cream,Absent,Solitary,Green,Ovate,Smooth,Blunt/Pointed,Open,2.60,Medium,Grey,7.50,39.60,White,24.60,19.00,3.40,50,JBWR
Present,Light Green,Medium,Flat,183,Present,Present (Faint),Palmate,Medium,Absent,60,Semi Spreading,Normal,49,Cream,Absent,Exerted,Absent,Yellow,Absent,Solitary,Green,Ovate,Smooth,Pointed,Open,NA,Medium,White,8.50,34.70,White,29.40,18.60,3.50,44,JBWR
Present,Light Green,Sparse,Flat,134,Present,Absent,Palmate,Medium,Absent,74,Semi Spreading,Normal,45,Cream,Absent,Embedded,Absent,Cream,Absent,Solitary,Green,Round,Smooth,Blunt,Open,NA,Medium,Grey,9.00,35.80,White,25.50,22.40,3.20,47,JBWR
Present,Light Green,Sparse,Flat,129,Present,Absent,Palmate,Sparse,Absent,64,Semi Spreading,Normal,45,Yellow,Absent,Embedded,Absent,Cream,Absent,Solitary,Green,Ovate,Smooth,Blunt,Open,NA,Medium,Grey,6.00,42.70,White,23.30,21.00,3.60,52,JBWR
Present,Light Green,Sparse,Flat,183,Present,Present,Palmate,Medium,Absent,85,Semi Spreading,Normal,49,Yellow,Absent,Embedded,Absent,Cream,Absent,Solitary,Green,Round,Smooth,Blunt,Open,NA,Medium,White,8.00,36.40,White,25.60,19.00,2.90,50,JBWR
Present,Light Green,Sparse,Flat,140,Present,Absent,Palmate,Sparse,Absent,58,Semi Spreading,Normal,50,Cream,Absent,Embedded,Absent,Yellow,Absent,Solitary,Green,Ovate,Smooth,Blunt,Open,2.90,Medium,Grey,7.50,35.80,White,25.20,18.20,3.30,47,JBWR
Present,Light Green,Sparse,Flat,143,Present,Present,Palmate,Sparse,Absent,81,Semi Spreading,Normal,41,Yellow,Absent,Embedded,Absent,Yellow,Absent,Solitary,Green,Round,Smooth,Pointed,Open,2.80,Medium,Grey,7.50,35.00,White,24.00,18.40,3.00,48,JBWR
Present,Light Green,Sparse,Flat,162,Present,Absent,Palmate,Medium,Absent,89,Semi Spreading,Normal,53,Cream,Absent,Embedded,Absent,Cream,Absent,Solitary,Green,Ovate,Smooth,Pointed,Open,2.90,Medium,White,8.50,39.80,White,24.50,19.80,3.20,50,JBWR
Present,Red,Sparse,Flat,193,Present,Present (Dark),Palmate,Medium,Present (Dark),90,Semi Spreading,Normal,49,Red and White,Absent,Embedded,Absent,Cream and Pink,Absent,Solitary,Red,Ovate,Smooth,Blunt,Open,2.80,Medium,Grey,6.50,35.30,White,25.00,20.80,2.90,51,JBWR
Present,NA,NA,NA,167,NA,NA,NA,NA,NA,NA,NA,NA,56,NA,NA,NA,NA,NA,NA,NA,NA,NA,NA,NA,NA,1.50,Medium,White,6.00,23.50,NA,NA,NA,NA,NA,JBWR
Present,Light Green,Sparse,Flat,151,Present,Present,Palmate,Medium,Absent,75,Semi Spreading,Normal,56,Cream,Absent,Exerted,Absent,Cream,Absent,Solitary,Green,Ovate,Smooth,Blunt,Open,2.70,Dense,Grey,8.00,35.30,White,25.20,20.90,3.20,49,JBWR
Present,Light Green,Medium,Flat,118,Present,Present,Palmate,Medium,Absent,85,Semi Spreading,Normal,34,Yellow,Absent,Embedded,Absent,Cream,Absent,Solitary,Green,Ovate,Smooth,Pointed,Open,2.30,Medium,Grey,6.00,38.30,White,23.90,20.90,2.90,52,JBWR
Present,Light Green,Medium - Dense,Flat,152,Present,Present,Palmate,Medium,Absent,65,Semi Spreading,Normal,35,Yellow,Absent,Exerted,Absent,Cream,Absent,Solitary,Green,Ovate,Smooth,Pointed,Open,2.80,Medium,Grey,7.00,35.50,White,25.70,20.30,3.30,51,JBWR
Present,Green,Sparse,Flat,166,Present,Absent,Palmate,Medium,Absent,80,Semi Spreading,Normal,53,Yellow,Absent,Embedded,Absent,Cream,Absent,Solitary,Green,Round,Smooth,Pointed,Open,2.40,Sparse,Grey,5.50,36.90,White,25.20,20.30,3.90,51,JBWR
